symbol,time_utc,price,ret5_pct,range_pct,body_pct,close_pos,quote_volume_5m,volume24_usd,rvol,vol_accel_1h,range12_pct,trades,trades_accel,taker_buy_share,mfe_30m_pct,mae_30m_pct,mfe_1h_pct,mae_1h_pct,mfe_2h_pct,mae_2h_pct,mfe_4h_pct,mae_4h_pct,label,prior_fail_7d,score,pts_impulse,pts_shape,pts_rvol,pts_liq,pts_combo,pts_penalty,why
GTCUSDT,2026-03-20 03:40:00+00:00,0.089,6.741573033707882,11.363636363636376,60.0,0.7,448845.6926,1853105.3602,339.9037912718518,432.5248711977045,8.045977011494255,1674,47.82857142857143,0.6499552668314946,29.21348314606742,-6.741573033707859,29.21348314606742,-7.86516853932584,29.21348314606742,-7.86516853932584,29.21348314606742,-7.86516853932584,REAL_CONTINUATION,0,38,14.97,7.33,20.0,10.0,0.0,-14.0,"ret5=6.74 modest | close_pos=0.70->5.3, body=60.0->2.0 | rvol=339.9 | q5=448846 | no combo | vol_accel>=80 without wide body −8 | vol_accel>=120 and weak close −6"
BRUSDT,2026-03-21 06:05:00+00:00,0.05627,8.867958059356674,22.10769504176291,40.11254019292608,0.4011254019292607,907762.84685,1724304.8482,959.9279320841486,2654.7678151433124,6.510177883733714,9313,238.28571428571428,0.6055682292985882,12.457792784787625,7.2152123689354974,12.457792784787625,7.144126532788353,15.514483739114992,5.900124400213258,15.97654167407143,5.900124400213258,FAILED_OR_PARTIAL,0,24,22.23,0.0,16.0,10.0,0.0,-24.0,"ret5=8.87 strong | close_pos=0.40->0.0, body=40.1->0.0 | rvol=959.9 | q5=907763 | no combo | close in lower half −10 | vol_accel>=80 without wide body −8 | vol_accel>=120 and weak close −6"
MAGMAUSDT,2026-03-21 17:05:00+00:00,0.0982,10.610997963340129,15.31568228105906,69.28191489361703,0.6928191489361702,740520.83856,1393338.40821,734.8336996921192,403.8583880335631,4.568841325375583,7477,111.04455445544556,0.626098936380484,24.949083503055004,8.64562118126273,37.88187372708758,8.64562118126273,42.05702647657843,8.64562118126273,52.647657841140536,8.64562118126273,REAL_CONTINUATION,0,51,30.0,9.0,16.0,10.0,0.0,-14.0,"ret5=10.61 very strong | close_pos=0.69->5.1, body=69.3->3.9 | rvol=734.8 | q5=740521 | no combo | vol_accel>=80 without wide body −8 | vol_accel>=120 and weak close −6"
AGTUSDT,2026-03-22 03:35:00+00:00,0.006846,1.519135261466542,10.945054945054933,13.92235609103079,0.1673360107095038,120781.227107,1031131.951106,60.26995152845381,54.13604071208331,5.259214863649975,2006,23.5078125,0.6267516282637001,11.21822962313761,1.300029214139653,11.21822962313761,1.300029214139653,11.21822962313761,1.300029214139653,11.21822962313761,1.300029214139653,FAILED_OR_PARTIAL,0,3,0.0,0.0,8.0,5.0,0.0,-10.0,"ret5=1.52<5 (high-wick path) | close_pos=0.17->0.0, body=13.9->0.0 | rvol=60.3 | q5=120781 | no combo | close in lower half −10"
BLUAIUSDT,2026-03-22 13:10:00+00:00,0.006513,7.247044372792888,8.07816587167256,89.90476190476188,0.9257142857142858,317726.069727,1479602.362958,181.28072600010128,11.142217997573756,7.867694283879256,4054,9.723765740555669,0.5052544017994319,12.774451097804397,4.467987102717652,12.774451097804397,4.467987102717652,12.774451097804397,4.467987102717652,40.4575464455704,4.467987102717652,REAL_CONTINUATION,0,79,16.82,25.0,14.0,8.0,15.0,0.0,"ret5=7.25 strong | close_pos=0.93->15.0, body=89.9->10.0 | rvol=181.3 | q5=317726 | combo ret5>=7 & close>=0.80 & body>=70"
BRETTUSDT,2026-03-23 11:05:00+00:00,0.006376,5.708908406524471,6.273525721455453,91.00000000000011,0.9100000000000013,264986.371878,1695618.089489,88.42585983361712,54.158086314220185,5.083135391923999,3153,34.87188940092166,0.5179242881863629,7.543914680050201,3.575909661229604,7.543914680050201,1.4429109159347586,7.543914680050201,1.4429109159347586,7.543914680050201,1.4429109159347586,FAILED_OR_PARTIAL,0,52,10.84,25.0,8.0,8.0,0.0,0.0,"ret5=5.71 modest | close_pos=0.91->15.0, body=91.0->10.0 | rvol=88.4 | q5=264986 | no combo"
CHILLGUYUSDT,2026-03-23 11:05:00+00:00,0.00795,5.157232704402492,6.92695214105794,74.54545454545432,0.7636363636363639,175129.70719,1171835.27411,89.78208480219433,111.82377164126297,5.655526992287929,1851,44.33532934131737,0.5169754221753747,5.40880503144654,3.018867924528279,5.40880503144654,2.515723270440229,5.40880503144654,2.515723270440229,5.660377358490543,2.515723270440229,FAILED_OR_PARTIAL,0,37,8.63,12.24,8.0,8.0,0.0,0.0,"ret5=5.16 modest | close_pos=0.76->7.0, body=74.5->5.2 | rvol=89.8 | q5=175130 | no combo"
CLANKERUSDT,2026-03-23 11:05:00+00:00,25.7,5.369649805447474,5.447470817120625,98.57142857142836,0.9857142857142835,128310.0042,726501.9995,127.19053038726992,165.0633386963299,3.38316286388669,1466,59.63389830508475,0.4969775388722183,6.459143968871595,4.046692607003899,6.459143968871595,2.529182879377445,6.459143968871595,2.529182879377445,6.459143968871595,2.529182879377445,FAILED_OR_PARTIAL,0,49,9.48,25.0,14.0,5.0,0.0,-4.0,"ret5=5.37 modest | close_pos=0.99->15.0, body=98.6->10.0 | rvol=127.2 | q5=128310 | no combo | 12h compression ≤4% −4"
AGTUSDT,2026-03-23 14:55:00+00:00,0.00725,6.496551724137922,10.86566339914401,59.84752223634051,0.607369758576874,354868.957505,1675262.795628,125.33513395445648,47.350234359824775,10.575539568345338,3859,29.7036561898653,0.6578037718097982,7.227586206896541,4.593103448275859,7.268965517241366,4.593103448275859,8.648275862068955,4.4965517241379205,8.648275862068955,4.4965517241379205,FAILED_OR_PARTIAL,1,37,13.99,4.83,14.0,8.0,0.0,-4.0,"ret5=6.50 modest | close_pos=0.61->2.9, body=59.8->2.0 | rvol=125.3 | q5=354869 | no combo | 1 prior FAIL 7d −4"
AGTUSDT,2026-03-29 14:05:00+00:00,0.006413,12.521440823327625,15.125526274754383,82.7835051546392,0.827835051546392,615354.870313,1506342.7800790002,397.8301836061792,248.39876098391056,3.317011530563896,7273,33.43908045977012,0.4726351689539162,14.610946514891609,9.527522220489626,14.610946514891609,9.527522220489626,17.542491813503823,6.892250116949938,17.542491813503823,6.892250116949938,FAILED_OR_PARTIAL,1,84,30.0,16.52,20.0,10.0,15.0,-8.0,"ret5=12.52 very strong | close_pos=0.83->9.1, body=82.8->7.4 | rvol=397.8 | q5=615355 | combo ret5>=7 & close>=0.80 & body>=70 | 12h compression ≤4% −4 | 1 prior FAIL 7d −4"
ELSAUSDT,2026-03-30 00:00:00+00:00,0.05916,5.341446923597037,6.135902636916835,87.0523415977962,0.870523415977962,619220.67778,1583424.14572,396.034970280669,223.12082701349684,4.006878761822863,7611,123.42162162162164,0.5368610133657542,8.89114266396216,3.684922244759981,8.89114266396216,3.684922244759981,8.975659229208933,3.684922244759981,8.975659229208933,3.684922244759981,FAILED_OR_PARTIAL,0,60,9.37,20.82,20.0,10.0,0.0,0.0,"ret5=5.34 modest | close_pos=0.87->10.8, body=87.1->10.0 | rvol=396.0 | q5=619221 | no combo"
BNTUSDT,2026-03-31 07:50:00+00:00,0.286,5.384615384615388,8.301225919439581,64.9789029535866,0.6708860759493682,504393.5173,976575.1518,663.3440958920665,89.4556248094436,3.8029699384281024,12041,64.04787234042553,0.5678424271453261,6.048951048951068,-1.5734265734265729,6.048951048951068,-2.7622377622377514,6.048951048951068,-2.7622377622377514,6.048951048951068,-3.356643356643352,FAILED_OR_PARTIAL,0,31,9.54,7.55,16.0,10.0,0.0,-12.0,"ret5=5.38 modest | close_pos=0.67->4.6, body=65.0->3.0 | rvol=663.3 | q5=504394 | no combo | vol_accel>=80 without wide body −8 | 12h compression ≤4% −4"
AGTUSDT,2026-03-31 17:10:00+00:00,0.007221,2.548123528597146,8.59991690901538,29.62962962962965,0.2962962962962965,72226.115643,907574.319135,49.907330148108656,42.753025915651385,5.699999999999994,1257,15.03888334995015,0.6149635507818527,9.569311729677343,2.1465171028943297,9.569311729677343,2.1465171028943297,9.569311729677343,2.1465171028943297,9.569311729677343,2.1465171028943297,FAILED_OR_PARTIAL,1,0,0.0,0.0,4.0,5.0,0.0,-14.0,"ret5=2.55<5 (high-wick path) | close_pos=0.30->0.0, body=29.6->0.0 | rvol=49.9 | q5=72226 | no combo | close in lower half −10 | 1 prior FAIL 7d −4"
LQTYUSDT,2026-04-01 06:20:00+00:00,0.2827,8.631057658294994,10.87495572086432,79.47882736156343,0.8078175895765467,1076991.7493,1965930.33321,707.1956339889165,323.34279582108445,4.518736223365161,8578,131.46360153256705,0.5453912327571441,9.161655465157391,-1.839405730456312,9.161655465157391,-1.839405730456312,9.161655465157391,-1.839405730456312,9.161655465157391,-1.839405730456312,FAILED_OR_PARTIAL,0,77,21.44,14.84,16.0,10.0,15.0,0.0,"ret5=8.63 strong | close_pos=0.81->8.3, body=79.5->6.5 | rvol=707.2 | q5=1076992 | combo ret5>=7 & close>=0.80 & body>=70"
DODOXUSDT,2026-04-01 13:40:00+00:00,0.015549,9.743391857997285,13.760517799352767,71.26058325493877,0.7591721542803378,384984.351616,1955446.441051,238.6518747875621,39.13746871899448,12.81164432915405,6536,25.614630960156763,0.6126913585887083,24.33597015885265,9.158145218341996,24.33597015885265,0.9711235449225032,24.33597015885265,-3.511479837931697,24.33597015885265,-3.511479837931697,REAL_CONTINUATION,0,64,25.14,11.25,14.0,8.0,6.0,0.0,"ret5=9.74 strong | close_pos=0.76->6.9, body=71.3->4.3 | rvol=238.7 | q5=384984 | combo ret5>=7 & body>=70"
BMTUSDT,2026-04-02 16:00:00+00:00,0.01477,8.192281651997302,9.355932203389816,87.68115942028997,0.8913043478260888,187655.11835,1496314.63254,70.06885366236585,11.198483091613191,9.663250366032216,4996,7.360589318600368,0.566925121869451,27.014218009478675,5.213270142180093,27.014218009478675,2.5727826675693954,27.014218009478675,2.5727826675693954,27.014218009478675,-0.6093432633716978,REAL_CONTINUATION,0,73,19.97,21.65,8.0,8.0,15.0,0.0,"ret5=8.19 strong | close_pos=0.89->11.7, body=87.7->10.0 | rvol=70.1 | q5=187655 | combo ret5>=7 & close>=0.80 & body>=70"
GTCUSDT,2026-04-03 02:40:00+00:00,0.078,-1.2820512820512886,14.473684210526304,9.090909090909102,0.090909090909091,394234.9951,1832026.9031,187.4609304307555,27.497126815487235,10.95890410958904,2098,14.272108843537415,0.4055287838144534,-1.2820512820512886,-8.974358974358987,-1.2820512820512886,-8.974358974358987,-1.2820512820512886,-8.974358974358987,-1.2820512820512886,-8.974358974358987,FAILED_OR_PARTIAL,0,12,0.0,0.0,14.0,8.0,0.0,-10.0,"ret5=-1.28<5 (high-wick path) | close_pos=0.09->0.0, body=9.1->0.0 | rvol=187.5 | q5=394235 | no combo | close in lower half −10"
1000000BOBUSDT,2026-04-03 07:10:00+00:00,0.01207,5.385252692626352,7.730673316708225,69.89247311827963,0.7419354838709685,159515.37735,797945.0445399999,152.75744598734914,20.13798333471937,11.69429097605894,2401,13.174211248285324,0.4482593098413907,11.433305716652844,-0.165700082850051,11.433305716652844,-4.142502071251042,11.433305716652844,-4.142502071251042,11.433305716652844,-9.527754763877391,FAILED_OR_PARTIAL,0,42,9.54,10.43,14.0,8.0,0.0,0.0,"ret5=5.39 modest | close_pos=0.74->6.5, body=69.9->4.0 | rvol=152.8 | q5=159515 | no combo"
BROCCOLIF3BUSDT,2026-04-05 08:35:00+00:00,0.003472,5.126728110599088,7.351225204200706,70.6349206349207,0.8809523809523807,145210.678589,1075060.961116,175.09091583040512,5.820644257740719,10.207939508506602,2929,5.257741211667913,0.4030924386192767,38.59447004608296,4.176267281106005,38.59447004608296,4.176267281106005,38.59447004608296,4.176267281106005,38.59447004608296,3.686635944700467,REAL_CONTINUATION,0,43,8.51,15.41,14.0,5.0,0.0,0.0,"ret5=5.13 modest | close_pos=0.88->11.2, body=70.6->4.2 | rvol=175.1 | q5=145211 | no combo"
MAVUSDT,2026-04-05 17:35:00+00:00,0.01382,9.696092619392171,12.961622013034034,74.86033519553068,0.7541899441340785,782669.38631,1601270.84364,616.8873923545258,103.77294635622567,5.23520485584219,11613,87.64528301886793,0.4888722923787,10.998552821997087,-2.894356005788723,10.998552821997087,-2.894356005788723,10.998552821997087,-2.894356005788723,10.998552821997087,-2.894356005788723,FAILED_OR_PARTIAL,0,69,24.99,12.07,16.0,10.0,6.0,0.0,"ret5=9.70 strong | close_pos=0.75->6.8, body=74.9->5.3 | rvol=616.9 | q5=782669 | combo ret5>=7 & body>=70"
DODOXUSDT,2026-04-06 08:50:00+00:00,0.015837,7.141504072741056,10.375569044006072,68.92138939670932,0.7020109689213895,243176.187627,677545.481351,327.3267649351937,84.45011359481063,5.216587427363972,4836,51.53818827708704,0.4573529781320227,10.822756835259195,-3.1697922586348515,10.822756835259195,-4.483172317989526,10.822756835259195,-4.483172317989526,10.822756835259195,-4.483172317989526,FAILED_OR_PARTIAL,0,46,16.47,9.17,20.0,8.0,0.0,-8.0,"ret5=7.14 strong | close_pos=0.70->5.4, body=68.9->3.8 | rvol=327.3 | q5=243176 | no combo | vol_accel>=80 without wide body −8"
GTCUSDT,2026-04-06 21:40:00+00:00,0.077,5.1948051948051965,5.1948051948051965,100.0,1.0,110726.2417,722885.2009,101.96411833359213,124.32624742801954,2.631578947368429,554,15.424593967517405,0.7224342339436596,5.1948051948051965,2.5974025974025983,5.1948051948051965,2.5974025974025983,5.1948051948051965,1.2987012987013102,5.1948051948051965,1.2987012987013102,FAILED_OR_PARTIAL,1,45,8.78,25.0,14.0,5.0,0.0,-8.0,"ret5=5.19 modest | close_pos=1.00->15.0, body=100.0->10.0 | rvol=102.0 | q5=110726 | no combo | 12h compression ≤4% −4 | 1 prior FAIL 7d −4"
IRYSUSDT,2026-04-07 14:15:00+00:00,0.01914,10.710553814002076,12.539184952978054,85.41666666666667,0.8541666666666667,535149.563631,1332819.84451,392.8550834788185,356.15740164329526,6.820566631689395,7139,122.90961262553802,0.4543791734634879,13.375130616509924,8.934169278996862,15.726227795193305,8.934169278996862,15.726227795193305,8.934169278996862,17.60710553814,8.934169278996862,FAILED_OR_PARTIAL,0,95,30.0,20.17,20.0,10.0,15.0,0.0,"ret5=10.71 very strong | close_pos=0.85->10.2, body=85.4->10.0 | rvol=392.9 | q5=535150 | combo ret5>=7 & close>=0.80 & body>=70"
AKEUSDT,2026-04-07 23:05:00+00:00,0.0002418,1.3234077750206683,8.737060041407862,15.16587677725117,0.165876777251185,84790.000721,912270.0210718,84.22775934934634,48.79463904397114,5.629565964761496,1197,15.767288693743138,0.6505077430402632,2.2746071133167955,1.0752688172043,2.2746071133167955,-3.1844499586435093,2.2746071133167955,-3.1844499586435093,2.2746071133167955,-3.1844499586435093,FAILED_OR_PARTIAL,0,3,0.0,0.0,8.0,5.0,0.0,-10.0,"ret5=1.32<5 (high-wick path) | close_pos=0.17->0.0, body=15.2->0.0 | rvol=84.2 | q5=84790 | no combo | close in lower half −10"
MAGMAUSDT,2026-04-08 15:25:00+00:00,0.11005,13.539300318037274,21.28627308287092,63.675213675213705,0.641880341880342,986409.42482,1915117.56209,592.7496603627676,55.7798001432014,10.236220472440948,8619,27.3474352194606,0.6011422918715579,21.044979554747844,12.48523398455248,21.044979554747844,12.48523398455248,26.30622444343482,12.48523398455248,34.27532939572924,12.48523398455248,REAL_CONTINUATION,0,67,30.0,6.52,20.0,10.0,0.0,0.0,"ret5=13.54 very strong | close_pos=0.64->3.8, body=63.7->2.7 | rvol=592.7 | q5=986409 | no combo"
FHEUSDT,2026-04-09 09:30:00+00:00,0.01882,0.5313496280552554,8.302288451303873,6.410256410256377,0.0833333333333322,214979.14144,1765742.64664,71.57094175001292,64.49062735734962,3.081081081081094,1993,22.64772727272728,0.5671173192122317,4.303931987247611,0.4782146652497321,5.366631243358122,0.4782146652497321,5.366631243358122,0.3188097768331621,5.366631243358122,-0.2125398512220933,FAILED_OR_PARTIAL,0,2,0.0,0.0,8.0,8.0,0.0,-14.0,"ret5=0.53<5 (high-wick path) | close_pos=0.08->0.0, body=6.4->0.0 | rvol=71.6 | q5=214979 | no combo | close in lower half −10 | 12h compression ≤4% −4"
BLESSUSDT,2026-04-09 12:20:00+00:00,0.005788,5.321354526606781,6.294310911291712,84.6153846153847,0.8598901098901103,238515.607365,1838435.539913,87.41467092949577,75.3145852525502,5.587188612099636,2387,29.74454828660436,0.5968707241624746,7.290946786454744,3.1098825155494225,7.619212163096067,3.1098825155494225,8.033863165169318,3.1098825155494225,8.033863165169318,3.1098825155494225,FAILED_OR_PARTIAL,0,44,9.29,18.29,8.0,8.0,0.0,0.0,"ret5=5.32 modest | close_pos=0.86->10.4, body=84.6->7.9 | rvol=87.4 | q5=238516 | no combo"
MAVIAUSDT,2026-04-10 12:20:00+00:00,0.02903,8.267309679641755,8.511371467953133,97.16599190283412,0.9757085020242924,328818.00155,1067905.07345,256.9562125924462,201.6953722296496,4.580152671755733,3824,75.34975369458128,0.5385257713546249,13.39993110575266,7.130554598691008,13.39993110575266,7.130554598691008,13.39993110575266,7.130554598691008,13.39993110575266,6.131588012400968,FAILED_OR_PARTIAL,0,88,20.22,25.0,20.0,8.0,15.0,0.0,"ret5=8.27 strong | close_pos=0.98->15.0, body=97.2->10.0 | rvol=257.0 | q5=328818 | combo ret5>=7 & close>=0.80 & body>=70"
AINUSDT,2026-04-11 14:20:00+00:00,0.06158,15.1835011367327,15.434606011372876,98.42105263157896,0.987368421052632,329797.02198,1168195.33148,326.8645274541378,56.06196134296048,6.786941580756012,5355,31.57739557739557,0.6179357629929074,21.33809678467033,3.296524845729132,21.33809678467033,3.296524845729132,21.33809678467033,3.296524845729132,21.33809678467033,3.296524845729132,REAL_CONTINUATION,0,98,30.0,25.0,20.0,8.0,15.0,0.0,"ret5=15.18 very strong | close_pos=0.99->15.0, body=98.4->10.0 | rvol=326.9 | q5=329797 | combo ret5>=7 & close>=0.80 & body>=70"
BUSDT,2026-04-12 20:30:00+00:00,0.1594,2.44667503136764,10.546139359698682,23.214285714285783,0.2380952380952381,115379.4592,744556.2729000001,106.53337516636108,128.87227346896165,4.984227129337526,1121,22.49498327759197,0.637831230188328,4.8306148055207165,1.693851944792968,4.8306148055207165,0.188205771643668,4.8306148055207165,0.188205771643668,4.8306148055207165,0.188205771643668,FAILED_OR_PARTIAL,0,0,0.0,0.0,14.0,5.0,0.0,-24.0,"ret5=2.45<5 (high-wick path) | close_pos=0.24->0.0, body=23.2->0.0 | rvol=106.5 | q5=115379 | no combo | close in lower half −10 | vol_accel>=80 without wide body −8 | vol_accel>=120 and weak close −6"
MITOUSDT,2026-04-13 10:25:00+00:00,0.03585,4.351464435146446,8.872767857142861,49.05660377358483,0.4937106918238996,719933.73159,1233719.31996,653.7952871160409,147.2560927605066,2.6397956287255164,7823,47.99386503067485,0.4941173643362332,4.184100418410042,-0.5857740585774152,4.184100418410042,-0.5857740585774152,4.184100418410042,-0.5857740585774152,4.184100418410042,-0.5857740585774152,FAILED_OR_PARTIAL,0,2,4.0,0.0,16.0,10.0,0.0,-28.0,"ret5=4.35<5 (high-wick path) | close_pos=0.49->0.0, body=49.1->0.0 | rvol=653.8 | q5=719934 | no combo | close in lower half −10 | vol_accel>=80 without wide body −8 | vol_accel>=120 and weak close −6 | 12h compression ≤4% −4"
BELUSDT,2026-04-14 04:10:00+00:00,0.1013,8.193484698914123,9.090909090909085,90.21739130434784,0.91304347826087,507339.4363,1798714.4258,171.76282751572185,85.6954916280722,3.733602421796167,4445,48.09738503155996,0.4715894493534368,12.142152023692,1.5794669299111552,12.142152023692,1.0858835143139125,12.142152023692,1.0858835143139125,12.142152023692,1.0858835143139125,FAILED_OR_PARTIAL,0,80,19.98,25.0,14.0,10.0,15.0,-4.0,"ret5=8.19 strong | close_pos=0.91->15.0, body=90.2->10.0 | rvol=171.8 | q5=507339 | combo ret5>=7 & close>=0.80 & body>=70 | 12h compression ≤4% −4"
MAVIAUSDT,2026-04-14 13:20:00+00:00,0.03222,1.6759776536312776,10.938471100062165,15.340909090909047,0.1647727272727263,121116.5841,1290787.35098,40.338444531921255,22.044467840535923,5.966742745353781,1159,9.17414248021108,0.629624540162374,3.2588454376163867,0.9621353196772376,3.289882060831784,0.9621353196772376,4.15890751086283,-0.3103662321539246,4.15890751086283,-0.3103662321539246,FAILED_OR_PARTIAL,1,0,0.0,0.0,4.0,5.0,0.0,-14.0,"ret5=1.68<5 (high-wick path) | close_pos=0.16->0.0, body=15.3->0.0 | rvol=40.3 | q5=121117 | no combo | close in lower half −10 | 1 prior FAIL 7d −4"
GTCUSDT,2026-04-15 08:45:00+00:00,0.08013,2.5957818544864564,10.293012772351616,25.304136253041325,0.2858880778588812,80173.423506,884990.976656,58.7548586279573,40.048135775016,2.4270003792188133,1422,19.02341137123745,0.7146843563529738,5.353800074878312,1.3852489704230695,5.353800074878312,0.4367902158991521,5.353800074878312,0.4367902158991521,5.353800074878312,0.4367902158991521,FAILED_OR_PARTIAL,0,0,0.0,0.0,8.0,5.0,0.0,-14.0,"ret5=2.60<5 (high-wick path) | close_pos=0.29->0.0, body=25.3->0.0 | rvol=58.8 | q5=80173 | no combo | close in lower half −10 | 12h compression ≤4% −4"
BROCCOLIF3BUSDT,2026-04-17 08:20:00+00:00,0.005311,3.5774807004330667,12.671813217849737,28.23179791976227,0.2823179791976227,256503.903429,1872033.143475,87.5308421332989,67.30636703199376,8.674652241112813,4952,42.025459688826025,0.4979897432607971,6.43946526077952,-2.579551873470154,6.43946526077952,-2.579551873470154,6.43946526077952,-2.579551873470154,12.257578610431196,-2.579551873470154,FAILED_OR_PARTIAL,0,10,4.0,0.0,8.0,8.0,0.0,-10.0,"ret5=3.58<5 (high-wick path) | close_pos=0.28->0.0, body=28.2->0.0 | rvol=87.5 | q5=256504 | no combo | close in lower half −10"
ESPORTSUSDT,2026-04-18 13:10:00+00:00,0.3666,5.831969448990737,6.142935079105305,94.93783303730004,0.9493783303730006,118919.30294,1657545.3559599998,88.57491224472179,2.273582194958972,11.39707908514742,1778,2.217187987114205,0.6688283565715963,9.356246590289151,5.458265139116203,9.800872885979285,5.458265139116203,9.800872885979285,5.38188761593017,9.800872885979285,-1.3638843426077465,FAILED_OR_PARTIAL,0,49,11.33,25.0,8.0,5.0,0.0,0.0,"ret5=5.83 modest | close_pos=0.95->15.0, body=94.9->10.0 | rvol=88.6 | q5=118919 | no combo"
BNTUSDT,2026-04-19 15:30:00+00:00,0.3088,6.994818652849744,10.23391812865495,68.57142857142865,0.7174603174603184,523567.2134,1396062.8438,298.3797400918943,197.07523631006697,2.2928267278087056,10151,130.55948553054662,0.5317045962297836,26.29533678756477,1.7163212435233,26.29533678756477,0.0,26.29533678756477,0.0,26.29533678756477,0.0,REAL_CONTINUATION,0,37,15.98,9.51,20.0,10.0,0.0,-18.0,"ret5=6.99 modest | close_pos=0.72->5.8, body=68.6->3.7 | rvol=298.4 | q5=523567 | no combo | vol_accel>=80 without wide body −8 | vol_accel>=120 and weak close −6 | 12h compression ≤4% −4"
CARVUSDT,2026-04-22 00:00:00+00:00,0.05614,5.094406840042742,6.127538297114343,83.1395348837208,0.831395348837208,471902.51183,1043853.64429,321.530391915969,272.72942186770297,2.853015529071868,6040,178.0835380835381,0.5267681886159373,6.733167082294256,3.152832205201284,6.733167082294256,3.152832205201284,6.733167082294256,1.9415746348414584,6.733167082294256,1.9415746348414584,FAILED_OR_PARTIAL,0,51,8.38,16.76,20.0,10.0,0.0,-4.0,"ret5=5.09 modest | close_pos=0.83->9.3, body=83.1->7.5 | rvol=321.5 | q5=471903 | no combo | 12h compression ≤4% −4"
AGTUSDT,2026-04-22 14:45:00+00:00,0.014035,7.467046669041677,9.278571428571423,80.6774441878367,0.8337182448036944,166784.982273,1566028.279263,54.35915032347578,58.248509956897706,4.458973040476022,1329,12.577287066246056,0.4434907256693353,10.70181688635554,-0.6127538297114432,10.70181688635554,-0.6127538297114432,10.70181688635554,-0.6127538297114432,11.1221945137157,-0.6127538297114432,FAILED_OR_PARTIAL,0,65,17.56,16.2,8.0,8.0,15.0,0.0,"ret5=7.47 strong | close_pos=0.83->9.3, body=80.7->6.8 | rvol=54.4 | q5=166785 | combo ret5>=7 & close>=0.80 & body>=70"
HANAUSDT,2026-04-23 00:15:00+00:00,0.04028,2.2095332671300705,13.98063074248821,15.808170515097592,0.1598579040852571,248670.80129,903025.16069,217.476382601844,232.6313745683328,1.4529058116232507,2566,59.55899419729207,0.710952717379246,5.362462760675268,0.024826216484608,5.362462760675268,0.024826216484608,5.362462760675268,-1.0178748758689182,5.362462760675268,-1.0178748758689182,FAILED_OR_PARTIAL,0,0,0.0,0.0,14.0,8.0,0.0,-28.0,"ret5=2.21<5 (high-wick path) | close_pos=0.16->0.0, body=15.8->0.0 | rvol=217.5 | q5=248671 | no combo | close in lower half −10 | vol_accel>=80 without wide body −8 | vol_accel>=120 and weak close −6 | 12h compression ≤4% −4"
1000000BOBUSDT,2026-04-24 05:15:00+00:00,0.01446,2.904564315352709,9.197786998616865,31.57894736842112,0.3157894736842112,93121.64864,870722.9784,77.92768109511357,39.91271812276452,5.46875,1353,22.55,0.5475594853042327,3.388658367911468,1.5905947441217094,3.526970954356856,1.5905947441217094,3.6652835408022,1.5905947441217094,3.6652835408022,1.5905947441217094,FAILED_OR_PARTIAL,0,3,0.0,0.0,8.0,5.0,0.0,-10.0,"ret5=2.90<5 (high-wick path) | close_pos=0.32->0.0, body=31.6->0.0 | rvol=77.9 | q5=93122 | no combo | close in lower half −10"
MITOUSDT,2026-04-24 12:05:00+00:00,0.03833,5.139577354552571,6.997389033942558,73.5074626865671,0.7462686567164181,185802.06179,812144.83941,131.82537967558434,31.49259456106455,3.0091348737237844,2472,16.20983606557377,0.5980708389317815,5.061309679102521,0.2869814766501388,5.061309679102521,0.1304461257500611,5.061309679102521,0.1304461257500611,5.061309679102521,0.1304461257500611,FAILED_OR_PARTIAL,0,38,8.56,11.5,14.0,8.0,0.0,-4.0,"ret5=5.14 modest | close_pos=0.75->6.6, body=73.5->4.9 | rvol=131.8 | q5=185802 | no combo | 12h compression ≤4% −4"
AIOUSDT,2026-04-25 08:00:00+00:00,0.08534,5.577689243027884,9.76896915679606,57.14285714285712,0.5798319327731091,241800.97413,1085780.63509,193.8864599050169,73.4341261995588,6.548780487804873,4493,44.22969647251846,0.4871509876410604,8.753222404499649,4.72228732130302,9.725802671666273,4.6636981485821405,9.725802671666273,4.6636981485821405,11.61237403327866,4.6636981485821405,FAILED_OR_PARTIAL,0,36,10.31,3.56,14.0,8.0,0.0,0.0,"ret5=5.58 modest | close_pos=0.58->2.1, body=57.1->1.4 | rvol=193.9 | q5=241801 | no combo"
AINUSDT,2026-04-26 13:30:00+00:00,0.07103,5.209066591581024,6.443372126028946,81.49779735682834,0.9405286343612352,249229.85731,1831374.95369,103.0405731946586,7.237713863003608,17.773372976544444,5357,5.5098997171509385,0.5004009175548968,8.221878079684641,-0.6335351260030819,8.221878079684641,-0.6335351260030819,8.221878079684641,-0.6335351260030819,12.177952977615105,-0.6335351260030819,FAILED_OR_PARTIAL,0,53,8.84,22.07,14.0,8.0,0.0,0.0,"ret5=5.21 modest | close_pos=0.94->15.0, body=81.5->7.1 | rvol=103.0 | q5=249230 | no combo"
MEGAUSDT,2026-04-26 15:05:00+00:00,0.1565,5.795527156549518,6.709265175718859,86.38095238095225,0.8638095238095226,120463.78083,1312495.96223,78.23161778823611,43.55393901263864,5.1810115925134514,2313,32.50117096018735,0.5938099091456185,6.741214057507983,3.936102236421735,7.667731629392982,2.6517571884983937,7.667731629392982,2.6517571884983937,7.667731629392982,2.6517571884983937,FAILED_OR_PARTIAL,0,45,11.18,20.55,8.0,5.0,0.0,0.0,"ret5=5.80 modest | close_pos=0.86->10.6, body=86.4->10.0 | rvol=78.2 | q5=120464 | no combo"
DOGSUSDT,2026-04-27 05:55:00+00:00,3.2e-05,6.562500000000004,8.125000000000004,80.76923076923083,0.8076923076923084,800311.795211,1791210.3125091,528.4226146461637,60.228291460971306,2.830188679245293,4199,49.35161606268365,0.5780382059129017,6.875000000000009,0.3125000000000044,6.875000000000009,-3.749999999999986,6.875000000000009,-3.749999999999986,6.875000000000009,-3.749999999999986,FAILED_OR_PARTIAL,0,55,14.25,15.18,20.0,10.0,0.0,-4.0,"ret5=6.56 modest | close_pos=0.81->8.3, body=80.8->6.9 | rvol=528.4 | q5=800312 | no combo | 12h compression ≤4% −4"
AIOUSDT,2026-04-28 07:30:00+00:00,0.08852,5.422503389064626,7.514712539610691,72.28915662650593,0.746987951807229,205573.45116,1372729.568,87.39224123774906,20.635435049983982,7.369668246445493,2977,11.705111402359108,0.5428862316619777,8.472661545413462,5.3321283325802105,9.963849977406223,5.3321283325802105,12.86714866696792,5.3321283325802105,12.86714866696792,5.3321283325802105,FAILED_OR_PARTIAL,1,33,9.69,11.2,8.0,8.0,0.0,-4.0,"ret5=5.42 modest | close_pos=0.75->6.6, body=72.3->4.6 | rvol=87.4 | q5=205573 | no combo | 1 prior FAIL 7d −4"
BUSDT,2026-05-01 05:00:00+00:00,0.1316,6.306990881458963,7.598784194528885,82.99999999999994,0.8299999999999994,408010.514,1662603.7773000002,184.75749381197213,30.52430410644353,4.72813238770684,3762,18.13740458015268,0.5012755867364732,14.589665653495445,5.85106382978724,14.893617021276606,5.243161094224935,20.06079027355623,5.243161094224935,77.43161094224926,5.243161094224935,REAL_CONTINUATION,0,54,13.23,16.67,14.0,10.0,0.0,0.0,"ret5=6.31 modest | close_pos=0.83->9.2, body=83.0->7.5 | rvol=184.8 | q5=408011 | no combo"
ONUSDT,2026-05-01 07:00:00+00:00,0.11177,6.701261519191215,7.36794986571172,91.00850546780084,0.9185905224787376,226012.69366,1555836.26419,87.24395351186011,81.60632913683979,4.707482993197276,3606,24.86896551724137,0.6029157661604236,10.467925203542984,3.739822850496566,23.602039903373,3.739822850496566,24.487787420595875,3.739822850496566,28.433389997315928,3.739822850496566,REAL_CONTINUATION,0,56,14.81,25.0,8.0,8.0,0.0,0.0,"ret5=6.70 modest | close_pos=0.92->15.0, body=91.0->10.0 | rvol=87.2 | q5=226013 | no combo"
KGENUSDT,2026-05-02 04:30:00+00:00,0.17646,5.28731723903435,6.981624319419222,75.79203899268899,0.7692932575142174,289771.59734,1041463.85205,219.4120472079867,181.6068050536529,4.884628630467214,3510,64.60122699386503,0.6367730708386066,8.081151535758814,4.2389210019267765,8.778193358268172,4.2389210019267765,10.727643658619511,4.2389210019267765,12.478748724923497,4.2389210019267765,FAILED_OR_PARTIAL,0,38,9.15,12.73,14.0,8.0,0.0,-6.0,"ret5=5.29 modest | close_pos=0.77->7.2, body=75.8->5.5 | rvol=219.4 | q5=289772 | no combo | vol_accel>=120 and weak close −6"
1000000BOBUSDT,2026-05-03 13:45:00+00:00,0.01331,6.08564988730278,11.17824773413898,54.72972972972971,0.5945945945945948,120091.47581,730004.47779,145.0419345996333,28.09297265297598,5.849802371541513,1057,10.72189349112426,0.4904110974802084,75.95792637114951,5.559729526671675,75.95792637114951,5.559729526671675,75.95792637114951,5.559729526671675,75.95792637114951,5.559729526671675,REAL_CONTINUATION,0,35,12.34,3.47,14.0,5.0,0.0,0.0,"ret5=6.09 modest | close_pos=0.59->2.5, body=54.7->0.9 | rvol=145.0 | q5=120091 | no combo"
MAVIAUSDT,2026-05-03 14:25:00+00:00,0.03912,3.655419222903888,8.216022523675438,44.54828660436142,0.4610591900311536,542668.44441,1640350.3090499998,262.35399958796376,32.74097924088381,8.642311886586684,7734,22.96091044037605,0.4372443566125799,5.725971370143146,-5.802658486707568,5.725971370143146,-5.802658486707568,5.725971370143146,-5.802658486707568,5.725971370143146,-6.825153374233128,FAILED_OR_PARTIAL,0,24,4.0,0.0,20.0,10.0,0.0,-10.0,"ret5=3.66<5 (high-wick path) | close_pos=0.46->0.0, body=44.5->0.0 | rvol=262.4 | q5=542668 | no combo | close in lower half −10"
FLUXUSDT,2026-05-05 15:00:00+00:00,0.06743,0.726679519501694,10.24535315985129,7.11175616835981,0.0972423802612468,467127.07471,1177442.99105,285.349591638372,245.83752535778945,2.772781774580335,7437,110.17777777777778,0.4933307431453548,0.904641850808252,-0.4597360225419011,0.904641850808252,-0.4597360225419011,0.904641850808252,-0.6821889366750766,1.3940382619012317,-0.6821889366750766,FAILED_OR_PARTIAL,0,2,0.0,0.0,20.0,10.0,0.0,-28.0,"ret5=0.73<5 (high-wick path) | close_pos=0.10->0.0, body=7.1->0.0 | rvol=285.3 | q5=467127 | no combo | close in lower half −10 | vol_accel>=80 without wide body −8 | vol_accel>=120 and weak close −6 | 12h compression ≤4% −4"
JCTUSDT,2026-05-05 15:40:00+00:00,0.003107,5.14966205342775,5.907036797934162,87.43169398907102,0.9234972677595622,115990.056324,1434379.039961,44.36429822527757,16.08687992069871,9.51760104302477,1924,12.190073917634637,0.6281754111358577,6.115223688445437,1.8345671065336464,6.115223688445437,1.5770840038622502,6.115223688445437,1.5770840038622502,10.556807209526877,1.5770840038622502,FAILED_OR_PARTIAL,0,43,8.6,25.0,4.0,5.0,0.0,0.0,"ret5=5.15 modest | close_pos=0.92->15.0, body=87.4->10.0 | rvol=44.4 | q5=115990 | no combo"
BROCCOLIF3BUSDT,2026-05-06 09:40:00+00:00,0.004495,3.515016685205796,10.23359288097887,34.34782608695653,0.3434782608695653,313210.663735,1140627.665069,200.4511081382055,60.8808624738555,3.079343672735435,6098,61.081803005008354,0.4892387538204902,5.383759733036708,1.7352614015572865,5.383759733036708,1.7352614015572865,5.383759733036708,1.7352614015572865,5.383759733036708,1.7352614015572865,FAILED_OR_PARTIAL,0,12,4.0,0.0,14.0,8.0,0.0,-14.0,"ret5=3.52<5 (high-wick path) | close_pos=0.34->0.0, body=34.3->0.0 | rvol=200.5 | q5=313211 | no combo | close in lower half −10 | 12h compression ≤4% −4"
KOMAUSDT,2026-05-06 09:40:00+00:00,0.007459,4.290119318943564,8.61051502145922,49.84423676012465,0.5031152647975089,322639.162542,1354319.259411,172.77460445321367,150.88352246262144,4.200976971388704,6991,82.16650342801175,0.552567072256122,4.732537873709619,1.8233007105510124,4.732537873709619,1.1797828127094734,4.732537873709619,1.1797828127094734,4.8397908566832015,1.1797828127094734,FAILED_OR_PARTIAL,0,12,4.0,0.08,14.0,8.0,0.0,-14.0,"ret5=4.29<5 (high-wick path) | close_pos=0.50->0.1, body=49.8->0.0 | rvol=172.8 | q5=322639 | no combo | vol_accel>=80 without wide body −8 | vol_accel>=120 and weak close −6"
KOMAUSDT,2026-05-07 06:30:00+00:00,0.007392,4.626623376623384,9.308005427408418,49.85422740524779,0.5306122448979594,287465.682963,1767102.959828,135.00734426208425,126.68723961545416,5.159332321699539,3263,38.12658227848102,0.5703141584002623,5.857683982683981,-2.1239177489177474,5.857683982683981,-2.1239177489177474,5.857683982683981,-2.1239177489177474,5.857683982683981,-2.1239177489177474,FAILED_OR_PARTIAL,1,9,4.0,0.82,14.0,8.0,0.0,-18.0,"ret5=4.63<5 (high-wick path) | close_pos=0.53->0.8, body=49.9->0.0 | rvol=135.0 | q5=287466 | no combo | vol_accel>=80 without wide body −8 | vol_accel>=120 and weak close −6 | 1 prior FAIL 7d −4"
BANUSDT,2026-05-07 12:00:00+00:00,0.06921,5.302701921687625,6.825741142443964,77.7542372881357,0.7902542372881347,377291.05154,1874580.31968,119.12525263941906,88.03741630244156,3.574555004377,3909,30.63879817112998,0.5815778864735065,6.458604247941047,4.233492269903194,6.458604247941047,4.031209362808852,6.458604247941047,4.031209362808852,6.458604247941047,4.031209362808852,FAILED_OR_PARTIAL,0,41,9.21,13.81,14.0,8.0,0.0,-4.0,"ret5=5.30 modest | close_pos=0.79->7.7, body=77.8->6.1 | rvol=119.1 | q5=377291 | no combo | 12h compression ≤4% −4"
BROCCOLIF3BUSDT,2026-05-08 13:30:00+00:00,0.004608,2.777777777777768,12.097476066144464,23.02158273381288,0.2517985611510782,138152.97059,1140787.607026,75.92832847910262,69.82515209739539,3.458980044345905,1709,28.80337078651685,0.6128106589343805,4.275173611111116,1.5625,4.275173611111116,1.5625,4.275173611111116,1.171875,12.912326388888884,1.171875,FAILED_OR_PARTIAL,1,0,0.0,0.0,8.0,5.0,0.0,-18.0,"ret5=2.78<5 (high-wick path) | close_pos=0.25->0.0, body=23.0->0.0 | rvol=75.9 | q5=138153 | no combo | close in lower half −10 | 12h compression ≤4% −4 | 1 prior FAIL 7d −4"
KOMAUSDT,2026-05-08 17:00:00+00:00,0.007823,5.266521794707901,5.498018156245998,95.81395348837194,0.9627906976744176,83523.70367,1434199.917958,36.29387067627034,55.83559589307577,4.5562599049128405,2102,25.274549098196392,0.6192081906872653,5.471046912948996,2.0963824619711025,5.471046912948996,2.0963824619711025,5.471046912948996,2.0835996420810465,5.471046912948996,2.0835996420810465,FAILED_OR_PARTIAL,2,35,9.07,25.0,4.0,5.0,0.0,-8.0,"ret5=5.27 modest | close_pos=0.96->15.0, body=95.8->10.0 | rvol=36.3 | q5=83524 | no combo | 2 prior FAIL 7d −8"
BROCCOLIF3BUSDT,2026-05-08 17:05:00+00:00,0.004702,7.975329646958751,10.655040408336893,74.85029940119759,0.7485029940119758,352734.313192,1610203.4776519998,185.1871926222325,142.23403081093508,14.05800309940226,7459,116.24415584415584,0.5497393028629173,10.931518502764792,6.337728626116568,10.931518502764792,5.487026797107619,10.931518502764792,5.487026797107619,10.931518502764792,5.487026797107619,FAILED_OR_PARTIAL,2,45,19.25,11.92,14.0,8.0,6.0,-14.0,"ret5=7.98 strong | close_pos=0.75->6.6, body=74.9->5.3 | rvol=185.2 | q5=352734 | combo ret5>=7 & body>=70 | vol_accel>=120 and weak close −6 | 2 prior FAIL 7d −8"
GTCUSDT,2026-05-09 04:45:00+00:00,0.09475,1.6147757255936757,9.955658783783791,16.22481442205729,0.1654294803817608,170896.317177,1212220.891013,88.43462727970226,52.54379979285815,2.907355174658277,1529,14.379310344827587,0.6839039616339363,1.7730870712401092,0.6649076517150521,1.994722955145112,0.6649076517150521,2.269129287598948,0.6649076517150521,3.430079155672816,0.6649076517150521,FAILED_OR_PARTIAL,0,2,0.0,0.0,8.0,8.0,0.0,-14.0,"ret5=1.61<5 (high-wick path) | close_pos=0.17->0.0, body=16.2->0.0 | rvol=88.4 | q5=170896 | no combo | close in lower half −10 | 12h compression ≤4% −4"
GTCUSDT,2026-05-09 14:10:00+00:00,0.09536,5.002097315436238,5.49496644295302,91.03053435114506,0.9103053435114506,209224.848522,1710494.1947463,71.82060539497273,67.81327527646899,10.79787234042553,2669,21.9821551132464,0.5591650248020057,10.33976510067114,3.617869127516782,18.86535234899329,3.617869127516782,18.86535234899329,2.3489932885906173,18.86535234899329,2.3489932885906173,FAILED_OR_PARTIAL,1,45,8.01,25.0,8.0,8.0,0.0,-4.0,"ret5=5.00 modest | close_pos=0.91->15.0, body=91.0->10.0 | rvol=71.8 | q5=209225 | no combo | 1 prior FAIL 7d −4"
ALCHUSDT,2026-05-10 17:50:00+00:00,0.08211,10.705151625867735,10.963576562309662,97.66666666666649,0.9788888888888878,731373.07229,1371256.0392999991,663.9015932078061,148.93091182305696,3.296565555276998,6933,51.642458100558656,0.4646598688217067,36.28059919620021,5.45609548167092,36.28059919620021,5.45609548167092,36.28059919620021,5.45609548167092,36.28059919620021,5.45609548167092,REAL_CONTINUATION,0,92,30.0,25.0,16.0,10.0,15.0,-4.0,"ret5=10.71 very strong | close_pos=0.98->15.0, body=97.7->10.0 | rvol=663.9 | q5=731373 | combo ret5>=7 & close>=0.80 & body>=70 | 12h compression ≤4% −4"
JCTUSDT,2026-05-11 05:15:00+00:00,0.002889,7.199723087573551,8.27275874004847,87.02928870292878,0.8702928870292879,333289.328454,1624307.183213,124.83150471106234,63.78119604452634,7.355645457888937,5433,32.64697045568353,0.5028852601115691,9.034267912772576,5.4690204222914485,9.034267912772576,5.4690204222914485,12.287988923502937,5.4690204222914485,14.226375908618904,5.4690204222914485,FAILED_OR_PARTIAL,1,70,16.67,20.81,14.0,8.0,15.0,-4.0,"ret5=7.20 strong | close_pos=0.87->10.8, body=87.0->10.0 | rvol=124.8 | q5=333289 | combo ret5>=7 & close>=0.80 & body>=70 | 1 prior FAIL 7d −4"
ESPORTSUSDT,2026-05-11 09:55:00+00:00,0.3739,5.616474993313703,7.679957184907682,73.17073170731693,0.7386759581881531,298683.85701,1640445.68518,116.73841543014284,65.49605398287058,4.531638574191765,5024,38.1087231352718,0.6299874421191104,13.26557903182668,4.947847017919238,16.448248194704473,4.947847017919238,16.448248194704473,4.947847017919238,19.630917357582224,4.947847017919238,FAILED_OR_PARTIAL,0,44,10.47,11.21,14.0,8.0,0.0,0.0,"ret5=5.62 modest | close_pos=0.74->6.4, body=73.2->4.8 | rvol=116.7 | q5=298684 | no combo"
DODOXUSDT,2026-05-14 15:15:00+00:00,0.020035,16.48614923883205,17.373262673732647,95.05035971223016,0.96,583519.193659,1721107.926633,314.4297359277327,47.51861256594926,13.567330408369903,8601,35.05842391304348,0.5601598409409212,23.913151984027948,11.005739955078608,25.485400549039184,11.005739955078608,25.485400549039184,4.816571000748682,25.485400549039184,2.4956326428749787,REAL_CONTINUATION,0,100,30.0,25.0,20.0,10.0,15.0,0.0,"ret5=16.49 very strong | close_pos=0.96->15.0, body=95.1->10.0 | rvol=314.4 | q5=583519 | combo ret5>=7 & close>=0.80 & body>=70"
ETHWUSDT,2026-05-17 16:00:00+00:00,0.2853,5.643182614791442,7.115317209954419,79.31034482758629,0.7931034482758629,536944.6476,917919.0598,632.6148302205455,276.85696822923467,1.8446257538134336,6322,142.33395872420263,0.5258307426323994,5.888538380651931,1.4020329477742788,5.888538380651931,0.911321416053279,5.888538380651931,-0.8412197686645695,5.888538380651931,-0.8412197686645695,FAILED_OR_PARTIAL,0,41,10.57,14.3,16.0,10.0,0.0,-10.0,"ret5=5.64 modest | close_pos=0.79->7.8, body=79.3->6.5 | rvol=632.6 | q5=536945 | no combo | vol_accel>=120 and weak close −6 | 12h compression ≤4% −4"
FIDAUSDT,2026-05-17 17:15:00+00:00,0.01666,8.763505402160865,11.959134615384626,73.36683417085416,0.7437185929648243,920655.02356,1955795.03211,588.3623204294078,37.82606335497122,3.5582822085889587,10662,28.82270781707592,0.5343161208395243,21.66866746698679,2.521008403361336,22.62905162064825,2.521008403361336,24.48979591836736,2.521008403361336,24.48979591836736,2.521008403361336,REAL_CONTINUATION,0,65,21.88,11.4,20.0,10.0,6.0,-4.0,"ret5=8.76 strong | close_pos=0.74->6.5, body=73.4->4.9 | rvol=588.4 | q5=920655 | combo ret5>=7 & body>=70 | 12h compression ≤4% −4"
APRUSDT,2026-05-18 01:05:00+00:00,0.13897,7.46923796502843,8.646697942980875,86.64440734557604,0.9015025041736238,500139.09923,1772702.3030899998,203.1675109476629,57.25244029710672,7.220351664796132,8969,40.75274517228323,0.5811812488315942,8.77887313808734,3.353241706843191,24.9622220623156,3.353241706843191,25.890479959703526,3.353241706843191,26.36540260487874,3.353241706843191,REAL_CONTINUATION,0,82,17.56,25.0,14.0,10.0,15.0,0.0,"ret5=7.47 strong | close_pos=0.90->15.0, body=86.6->10.0 | rvol=203.2 | q5=500139 | combo ret5>=7 & close>=0.80 & body>=70"
AGTUSDT,2026-05-19 00:00:00+00:00,0.0096,3.833333333333333,8.339421772257616,46.05757196495617,0.4843554443053813,167301.230205,1666691.473039,57.7606635392798,42.829938791365336,7.693926955057351,2568,20.821621621621624,0.5029039494922105,6.531250000000011,3.218750000000004,6.531250000000011,0.0,6.531250000000011,-0.7083333333333219,6.531250000000011,-0.7083333333333219,FAILED_OR_PARTIAL,0,10,4.0,0.0,8.0,8.0,0.0,-10.0,"ret5=3.83<5 (high-wick path) | close_pos=0.48->0.0, body=46.1->0.0 | rvol=57.8 | q5=167301 | no combo | close in lower half −10"
AGTUSDT,2026-05-20 01:45:00+00:00,0.010079,5.77438237920429,9.322202345458152,62.04690831556516,0.63859275053305,168612.649498,1442040.209075,63.07862456334213,45.86933469214952,3.239110753445318,2268,22.09090909090909,0.6142753846545098,9.167576148427424,-0.5456890564540129,9.167576148427424,-0.5456890564540129,9.167576148427424,-0.5456890564540129,9.167576148427424,-0.6845917253695766,FAILED_OR_PARTIAL,1,25,11.1,6.11,8.0,8.0,0.0,-8.0,"ret5=5.77 modest | close_pos=0.64->3.7, body=62.0->2.4 | rvol=63.1 | q5=168613 | no combo | 12h compression ≤4% −4 | 1 prior FAIL 7d −4"
ALCHUSDT,2026-05-20 19:05:00+00:00,0.07946,2.252705763906371,10.91504915553314,20.66974595842956,0.220554272517322,271419.33475,1101218.057559999,183.4492896614812,120.04783815462729,2.9340166559897574,2562,35.74883720930232,0.6240457995596057,2.65542411276114,-0.9312861817266648,2.65542411276114,-0.9312861817266648,2.65542411276114,-1.031965768940346,2.65542411276114,-1.031965768940346,FAILED_OR_PARTIAL,0,0,0.0,0.0,14.0,8.0,0.0,-28.0,"ret5=2.25<5 (high-wick path) | close_pos=0.22->0.0, body=20.7->0.0 | rvol=183.4 | q5=271419 | no combo | close in lower half −10 | vol_accel>=80 without wide body −8 | vol_accel>=120 and weak close −6 | 12h compression ≤4% −4"
1000000BOBUSDT,2026-05-21 00:55:00+00:00,0.01436,3.7604456824512633,8.07799442896937,46.55172413793103,0.4655172413793103,113167.33532,739899.6642100001,89.52131734341224,43.66617494728398,4.565217391304355,1201,18.69260700389105,0.6718424758788426,4.317548746518107,0.6963788300835771,4.317548746518107,0.4874651810585106,4.317548746518107,0.4874651810585106,4.317548746518107,0.4874651810585106,FAILED_OR_PARTIAL,0,7,4.0,0.0,8.0,5.0,0.0,-10.0,"ret5=3.76<5 (high-wick path) | close_pos=0.47->0.0, body=46.6->0.0 | rvol=89.5 | q5=113167 | no combo | close in lower half −10"
BROCCOLIF3BUSDT,2026-05-22 02:30:00+00:00,0.005763,4.390074613916362,11.248261474269828,39.10355486862438,0.4080370942812975,224299.734419,1871763.908616,81.75222478564692,48.15613918824022,5.685557586837287,4409,32.639111659469464,0.627823860950017,6.888773208398402,3.314246052403269,6.888773208398402,3.314246052403269,10.619469026548668,3.314246052403269,11.920874544508075,3.314246052403269,FAILED_OR_PARTIAL,0,10,4.0,0.0,8.0,8.0,0.0,-10.0,"ret5=4.39<5 (high-wick path) | close_pos=0.41->0.0, body=39.1->0.0 | rvol=81.8 | q5=224300 | no combo | close in lower half −10"
AINUSDT,2026-05-24 17:00:00+00:00,0.08165,3.1353337415799043,10.512129380053905,29.836829836829736,0.3018648018648011,275803.18102,1544954.49516,107.80550144946402,211.10687351651148,3.241028188252826,5419,86.47340425531915,0.5408704600081555,4.029393753827315,0.6246172688303631,4.029393753827315,-0.4654011022657722,4.029393753827315,-2.008573178199635,4.029393753827315,-3.086344151867726,FAILED_OR_PARTIAL,0,0,4.0,0.0,14.0,8.0,0.0,-28.0,"ret5=3.14<5 (high-wick path) | close_pos=0.30->0.0, body=29.8->0.0 | rvol=107.8 | q5=275803 | no combo | close in lower half −10 | vol_accel>=80 without wide body −8 | vol_accel>=120 and weak close −6 | 12h compression ≤4% −4"
BROCCOLIF3BUSDT,2026-05-30 03:50:00+00:00,0.005411,6.117168730364075,6.340110905730145,96.50145772594732,0.9679300291545172,106598.387308,651250.048442,95.32360731198216,18.898248100463945,11.250000000000004,2537,10.780453257790368,0.5316787047185147,6.967288856033993,2.199223803363526,6.967288856033993,0.5174644243208348,6.967288856033993,0.5174644243208348,6.967288856033993,0.5174644243208348,FAILED_OR_PARTIAL,0,50,12.47,25.0,8.0,5.0,0.0,0.0,"ret5=6.12 modest | close_pos=0.97->15.0, body=96.5->10.0 | rvol=95.3 | q5=106598 | no combo"
FLNCUSDT,2026-06-01 12:10:00+00:00,21.08,6.9734345351043725,9.8095238095238,71.35922330097102,0.7524271844660202,258489.4722,1923504.2118,386.7030260108394,4.776238515753494,13.80053908355794,5337,6.193211488250653,0.5485677296376947,9.108159392789371,3.984819734345368,9.155597722960174,3.984819734345368,24.810246679316883,3.984819734345368,27.41935483870968,3.984819734345368,REAL_CONTINUATION,0,55,15.89,11.09,20.0,8.0,0.0,0.0,"ret5=6.97 modest | close_pos=0.75->6.7, body=71.4->4.4 | rvol=386.7 | q5=258489 | no combo"
AVAAIUSDT,2026-06-02 11:40:00+00:00,0.006334,6.267761288285434,8.24644549763034,76.05363984674327,0.7681992337164758,131377.866529,1552111.9755010002,54.987637789539285,50.2916581311944,5.2545424783106975,2340,28.85919835560124,0.5847638580509438,10.372592358699071,5.320492579728442,10.372592358699071,4.720555730975673,10.372592358699071,3.410167350805171,10.372592358699071,0.347331859804223,FAILED_OR_PARTIAL,0,39,13.07,12.77,8.0,5.0,0.0,0.0,"ret5=6.27 modest | close_pos=0.77->7.2, body=76.1->5.6 | rvol=55.0 | q5=131378 | no combo"
KOMAUSDT,2026-06-02 17:45:00+00:00,0.006538,9.070052003670837,11.484207298374717,79.17222963951936,0.8130841121495332,251931.348657,1349241.738661,120.1179812191886,68.43374587066482,7.6648009950248674,3305,31.753402722177743,0.628216002147784,10.278372591006413,4.007341694707844,10.278372591006413,3.059039461609059,10.278372591006413,2.569593147751603,10.278372591006413,2.569593147751603,FAILED_OR_PARTIAL,0,75,22.9,14.97,14.0,8.0,15.0,0.0,"ret5=9.07 strong | close_pos=0.81->8.5, body=79.2->6.4 | rvol=120.1 | q5=251931 | combo ret5>=7 & close>=0.80 & body>=70"
NAORISUSDT,2026-06-03 13:00:00+00:00,0.03314,3.681351840675906,8.931804465902227,41.21621621621622,0.4121621621621621,407486.89029,1937964.39777,143.75663232505983,121.7104996590673,6.108527131782937,5792,54.2576112412178,0.5869947769356985,4.315027157513551,-0.8449004224502232,4.315027157513551,-0.8449004224502232,4.315027157513551,-0.8750754375377312,4.315027157513551,-1.4484007242003605,FAILED_OR_PARTIAL,0,4,4.0,0.0,14.0,10.0,0.0,-24.0,"ret5=3.68<5 (high-wick path) | close_pos=0.41->0.0, body=41.2->0.0 | rvol=143.8 | q5=407487 | no combo | close in lower half −10 | vol_accel>=80 without wide body −8 | vol_accel>=120 and weak close −6"
AINUSDT,2026-06-04 02:05:00+00:00,0.06278,5.160879260911111,8.095468472826962,64.54183266932252,0.798804780876492,24278.81171,924462.55443,15.219649065984038,2.932615209964324,20.879299156391973,544,2.8407310704960835,0.5983606118587919,6.084740363172991,4.714877349474356,9.031538706594455,4.714877349474356,9.764256132526272,4.714877349474356,9.764256132526272,4.714877349474356,FAILED_OR_PARTIAL,0,26,8.64,10.88,4.0,2.0,0.0,0.0,"ret5=5.16 modest | close_pos=0.80->8.0, body=64.5->2.9 | rvol=15.2 | q5=24279 | no combo"
BROCCOLIF3BUSDT,2026-06-04 02:05:00+00:00,0.004646,6.177356866121397,9.918984015765275,63.355408388520914,0.8079470198675491,78795.934161,1004733.158904,37.77237316064927,7.32743171923832,21.022476862053765,1179,4.077233429394813,0.5053969668997272,9.98708566508826,4.928971157985362,10.848041325871716,4.928971157985362,11.5368058544985,4.928971157985362,12.699095996556188,4.928971157985362,FAILED_OR_PARTIAL,1,29,12.71,10.99,4.0,5.0,0.0,-4.0,"ret5=6.18 modest | close_pos=0.81->8.3, body=63.4->2.7 | rvol=37.8 | q5=78796 | no combo | 1 prior FAIL 7d −4"
NAORISUSDT,2026-06-07 00:10:00+00:00,0.0298,5.3020134228187965,6.056527590847916,87.7777777777777,0.9222222222222216,121850.79713,1539618.5382,42.20557505259292,61.42984106946151,5.528511821974957,2018,26.06673842841765,0.5792515561855316,8.892617449664431,4.664429530201342,9.697986577181194,4.664429530201342,18.42281879194632,4.664429530201342,22.416107382550333,4.664429530201342,REAL_CONTINUATION,1,39,9.21,25.0,4.0,5.0,0.0,-4.0,"ret5=5.30 modest | close_pos=0.92->15.0, body=87.8->10.0 | rvol=42.2 | q5=121851 | no combo | 1 prior FAIL 7d −4"
AINUSDT,2026-06-07 10:00:00+00:00,0.06732,3.6987522281639817,9.372210651591796,39.5238095238094,0.4111111111111103,164543.12159,951647.36191,112.2733673417245,47.435021953692576,8.264331210191077,3103,24.59445178335535,0.4842670105563542,11.482471776589431,2.257872846108122,11.482471776589431,2.257872846108122,11.482471776589431,1.990493166963736,11.482471776589431,-0.3267973856209138,FAILED_OR_PARTIAL,1,12,4.0,0.0,14.0,8.0,0.0,-14.0,"ret5=3.70<5 (high-wick path) | close_pos=0.41->0.0, body=39.5->0.0 | rvol=112.3 | q5=164543 | no combo | close in lower half −10 | 1 prior FAIL 7d −4"
BROCCOLIF3BUSDT,2026-06-07 20:15:00+00:00,0.00481,3.097713097713095,9.472799831968072,33.03769401330373,0.439024390243903,139519.113197,1101356.232611,71.78620479361496,12.814960818147616,10.860838537020513,2504,7.802648662685017,0.5415278168899986,8.108108108108091,1.8918918918918948,17.442827442827458,1.8918918918918948,17.442827442827458,1.8918918918918948,17.442827442827458,1.8918918918918948,FAILED_OR_PARTIAL,1,3,4.0,0.0,8.0,5.0,0.0,-14.0,"ret5=3.10<5 (high-wick path) | close_pos=0.44->0.0, body=33.0->0.0 | rvol=71.8 | q5=139519 | no combo | close in lower half −10 | 1 prior FAIL 7d −4"
BRETTUSDT,2026-06-07 22:10:00+00:00,0.005529,5.190812081750762,5.304127443881246,97.95221843003416,0.996587030716723,89787.666468,1326026.474513,34.30793788072213,22.135737627630125,4.748391978811961,944,8.85,0.6721262551411562,6.3845179960209775,2.803400253210331,6.3845179960209775,2.007596310363536,6.3845179960209775,2.007596310363536,6.3845179960209775,0.7415445831072676,FAILED_OR_PARTIAL,0,43,8.76,25.0,4.0,5.0,0.0,0.0,"ret5=5.19 modest | close_pos=1.00->15.0, body=98.0->10.0 | rvol=34.3 | q5=89788 | no combo"
DODOXUSDT,2026-06-08 20:50:00+00:00,0.016019,7.241400836506662,8.488196885986943,85.7988165680475,0.9252958579881654,310132.248621,1905345.404617,98.60297835193332,25.730100989555048,6.772324698674836,9298,26.591039084842706,0.5173389417560103,14.863599475622705,6.8231475123291085,14.863599475622705,4.338597914975972,14.863599475622705,0.5555902365940613,14.863599475622705,0.5555902365940613,FAILED_OR_PARTIAL,0,73,16.8,25.0,8.0,8.0,15.0,0.0,"ret5=7.24 strong | close_pos=0.93->15.0, body=85.8->10.0 | rvol=98.6 | q5=310132 | combo ret5>=7 & close>=0.80 & body>=70"
BULLAUSDT,2026-06-10 15:50:00+00:00,0.004816,6.02159468438539,7.141369977097667,84.5481049562682,0.8833819241982506,217351.662689,1799666.822469,57.865909398355605,44.93709397585618,4.033613445378137,2657,12.430409356725146,0.5592030969273614,7.350498338870426,4.152823920265769,7.350498338870426,1.4950166112956742,7.350498338870426,0.7059800664451776,7.350498338870426,0.0830564784053189,FAILED_OR_PARTIAL,0,47,12.09,19.21,8.0,8.0,0.0,0.0,"ret5=6.02 modest | close_pos=0.88->11.3, body=84.5->7.9 | rvol=57.9 | q5=217352 | no combo"
NAORISUSDT,2026-06-10 22:05:00+00:00,0.0313,5.079872204472857,5.214331413947537,97.54601226993876,1.0,64025.86441,1485475.23275,23.76549251308287,3.4648813026445824,11.888352860096486,1481,3.8367875647668392,0.4070836998481689,5.239616613418519,0.7987220447284393,6.677316293929714,0.7987220447284393,6.677316293929714,0.7987220447284393,8.690095846645374,0.7987220447284393,FAILED_OR_PARTIAL,0,42,8.32,25.0,4.0,5.0,0.0,0.0,"ret5=5.08 modest | close_pos=1.00->15.0, body=97.5->10.0 | rvol=23.8 | q5=64026 | no combo"
CYSUSDT,2026-06-11 00:35:00+00:00,0.43,4.604651162790696,15.545729578775893,29.64071856287424,0.3008982035928138,380489.3824,1868624.0683,123.52645181760124,58.69984528327949,4.577464788732399,4102,23.49594272076372,0.5989136965205366,6.976744186046524,4.2790697674418565,6.976744186046524,4.2790697674418565,7.000000000000006,4.2790697674418565,7.279069767441859,4.2790697674418565,FAILED_OR_PARTIAL,0,16,4.0,0.0,14.0,8.0,0.0,-10.0,"ret5=4.60<5 (high-wick path) | close_pos=0.30->0.0, body=29.6->0.0 | rvol=123.5 | q5=380489 | no combo | close in lower half −10"
DODOXUSDT,2026-06-12 08:05:00+00:00,0.017001,3.43509205340864,8.950471698113226,38.47167325428198,0.4117259552042159,370339.610768,1415238.596528,220.3023113262218,10.0134992340867,10.481421647819069,5003,11.481353987378084,0.574106737140772,4.246809011234642,-13.093347450149984,4.246809011234642,-13.093347450149984,4.246809011234642,-13.093347450149984,4.246809011234642,-13.093347450149984,FAILED_OR_PARTIAL,1,12,4.0,0.0,14.0,8.0,0.0,-14.0,"ret5=3.44<5 (high-wick path) | close_pos=0.41->0.0, body=38.5->0.0 | rvol=220.3 | q5=370340 | no combo | close in lower half −10 | 1 prior FAIL 7d −4"
AGTUSDT,2026-06-13 02:15:00+00:00,0.014331,10.445886539669246,12.322936291954512,84.7678369195922,0.847678369195922,360153.882065,1511064.194634,156.84962626464224,140.91614192568767,2.6245800671892416,4870,65.15050167224081,0.5303596538868534,13.348684669597375,9.901611890307716,13.348684669597375,8.771195310864567,14.43025608820041,8.771195310864567,15.986323354964773,8.771195310864567,FAILED_OR_PARTIAL,0,81,30.0,17.85,14.0,8.0,15.0,-4.0,"ret5=10.45 very strong | close_pos=0.85->9.9, body=84.8->7.9 | rvol=156.8 | q5=360154 | combo ret5>=7 & close>=0.80 & body>=70 | 12h compression ≤4% −4"
KOMAUSDT,2026-06-13 17:55:00+00:00,0.006586,7.1667172790768285,10.663831080054686,67.2364672364673,0.6766381766381767,243773.537065,782269.611752,184.06116651157697,154.50136185171698,3.103555832813476,2791,38.71907514450867,0.6156876359798655,7.849984816276945,4.5703006377163735,7.849984816276945,4.0085028849073945,7.849984816276945,4.0085028849073945,7.849984816276945,4.0085028849073945,FAILED_OR_PARTIAL,0,29,16.56,8.16,14.0,8.0,0.0,-18.0,"ret5=7.17 strong | close_pos=0.68->4.7, body=67.2->3.4 | rvol=184.1 | q5=243774 | no combo | vol_accel>=80 without wide body −8 | vol_accel>=120 and weak close −6 | 12h compression ≤4% −4"
CROSSUSDT,2026-06-14 14:45:00+00:00,0.09096,5.343007915567277,7.61684303350969,70.33285094066576,0.7380607814761226,204488.46478,765795.1944600005,254.97799332246663,71.05506765332595,4.817127564674406,3257,33.433704020530364,0.4775765789286297,6.904133685136316,4.023746701846953,7.12401055408971,4.023746701846953,8.333333333333348,4.023746701846953,8.333333333333348,4.023746701846953,FAILED_OR_PARTIAL,0,48,9.37,10.44,20.0,8.0,0.0,0.0,"ret5=5.34 modest | close_pos=0.74->6.3, body=70.3->4.1 | rvol=255.0 | q5=204488 | no combo"
MEWUSDT,2026-06-15 00:00:00+00:00,0.0003909,6.52340752110514,7.556352459016402,86.44067796610156,0.8813559322033888,1045897.2655687,1866407.9929306,706.2438743938875,106.06142250514064,9.650349650349632,14729,100.59647125782584,0.544571199425311,9.081606548989509,1.586083397288296,9.081606548989509,-0.7930416986441591,9.081606548989509,-1.2790995139421837,9.081606548989509,-2.3023791250959325,FAILED_OR_PARTIAL,0,61,14.09,21.25,16.0,10.0,0.0,0.0,"ret5=6.52 modest | close_pos=0.88->11.3, body=86.4->10.0 | rvol=706.2 | q5=1045897 | no combo"
BROCCOLIF3BUSDT,2026-06-15 12:40:00+00:00,0.004874,6.360279031596239,7.223476297968401,88.06818181818196,0.8835227272727291,154536.551281,887488.757142,93.6777311892619,47.66242402545542,3.8081211866189735,2657,28.724324324324325,0.641157765471514,11.85884283955685,5.662700041034063,11.85884283955685,5.662700041034063,11.85884283955685,5.662700041034063,11.85884283955685,5.662700041034063,FAILED_OR_PARTIAL,0,47,13.44,21.34,8.0,8.0,0.0,-4.0,"ret5=6.36 modest | close_pos=0.88->11.3, body=88.1->10.0 | rvol=93.7 | q5=154537 | no combo | 12h compression ≤4% −4"
BUSDT,2026-06-15 13:35:00+00:00,0.2378,5.00420521446594,6.318449873631016,79.33333333333323,0.8199999999999996,496589.9587,1841636.1202,177.61054645282107,70.84716726273494,3.3433347621088627,3755,21.13508442776736,0.6097773180768908,7.148864592094206,4.541631623212772,7.148864592094206,4.541631623212772,7.148864592094206,4.541631623212772,7.148864592094206,4.541631623212772,FAILED_OR_PARTIAL,0,43,8.02,15.29,14.0,10.0,0.0,-4.0,"ret5=5.00 modest | close_pos=0.82->8.8, body=79.3->6.5 | rvol=177.6 | q5=496590 | no combo | 12h compression ≤4% −4"
BRUSDT,2026-06-16 05:30:00+00:00,0.11245,8.056914184081831,8.66232956064521,93.20987654321009,0.9567901234567912,265980.84723,1164627.41898,145.07809431906608,94.00933543811084,4.151149059860115,2633,42.41073825503356,0.5879616314432174,27.95020008892844,7.82570031124945,39.78657180969321,7.82570031124945,41.28056914184084,7.82570031124945,53.23254779902178,7.82570031124945,REAL_CONTINUATION,0,82,19.52,25.0,14.0,8.0,15.0,0.0,"ret5=8.06 strong | close_pos=0.96->15.0, body=93.2->10.0 | rvol=145.1 | q5=265981 | combo ret5>=7 & close>=0.80 & body>=70"
DRIFTUSDT,2026-06-16 12:30:00+00:00,0.01713,9.45709281961471,11.441914769410388,82.6530612244898,0.826530612244898,558606.03724,1859828.55704,156.19513950277883,104.98299611269933,3.558504221954162,4812,46.756275303643726,0.6123632231404489,10.62463514302394,4.903677758318747,10.62463514302394,-3.444249854057213,10.62463514302394,-4.144775248102739,10.62463514302394,-5.137186223000578,FAILED_OR_PARTIAL,0,76,24.19,16.44,14.0,10.0,15.0,-4.0,"ret5=9.46 strong | close_pos=0.83->9.1, body=82.7->7.4 | rvol=156.2 | q5=558606 | combo ret5>=7 & close>=0.80 & body>=70 | 12h compression ≤4% −4"
CLANKERUSDT,2026-06-16 20:30:00+00:00,16.07,5.102675793403866,5.227131300560051,97.61904761904768,0.9761904761904768,85550.5639,1406639.148,30.391799184961616,14.634162987972257,5.889967637540461,1046,11.752808988764045,0.5929244167144526,11.07654013690107,4.791537025513382,11.07654013690107,2.0535158680771604,11.07654013690107,1.555693839452399,11.07654013690107,1.555693839452399,FAILED_OR_PARTIAL,0,42,8.41,25.0,4.0,5.0,0.0,0.0,"ret5=5.10 modest | close_pos=0.98->15.0, body=97.6->10.0 | rvol=30.4 | q5=85551 | no combo"
HANAUSDT,2026-06-18 11:15:00+00:00,0.03703,5.482041587901687,6.233062330623307,88.2608695652174,0.939130434782608,216215.66782,1962597.48462,70.46743733293103,52.28114224614698,3.947726653961348,3037,22.033857315598546,0.6777381495405451,12.611396165271405,5.266000540102622,12.611396165271405,5.266000540102622,12.611396165271405,5.266000540102622,12.611396165271405,4.941938968404003,FAILED_OR_PARTIAL,0,47,9.93,25.0,8.0,8.0,0.0,-4.0,"ret5=5.48 modest | close_pos=0.94->15.0, body=88.3->10.0 | rvol=70.5 | q5=216216 | no combo | 12h compression ≤4% −4"
GRIFFAINUSDT,2026-06-19 09:35:00+00:00,0.008447,8.156742038593578,10.236966824644544,79.7453703703704,0.8055555555555559,355458.615277,1977207.277868,139.37179232481049,34.18895225315331,4.406364749082004,4676,29.704605611434623,0.6075951410143657,12.477802770214286,-1.3851071386290823,12.477802770214286,-4.143482893334904,12.477802770214286,-4.143482893334904,12.477802770214286,-4.143482893334904,FAILED_OR_PARTIAL,0,72,19.86,14.82,14.0,8.0,15.0,0.0,"ret5=8.16 strong | close_pos=0.81->8.2, body=79.7->6.6 | rvol=139.4 | q5=355459 | combo ret5>=7 & close>=0.80 & body>=70"
MANTRAUSDT,2026-06-21 06:45:00+00:00,0.007583,5.248582355268372,8.669755129053613,60.76335877862592,0.650381679389313,459883.053097,1908794.121668,182.07768809826007,25.96176554581396,5.035577449370554,7111,15.741007194244604,0.4840061076333061,8.136621389951216,1.0945536067519468,8.136621389951216,-0.3824343927205653,8.136621389951216,-1.147303178161685,8.136621389951216,-1.147303178161685,FAILED_OR_PARTIAL,0,39,8.99,6.16,14.0,10.0,0.0,0.0,"ret5=5.25 modest | close_pos=0.65->4.0, body=60.8->2.2 | rvol=182.1 | q5=459883 | no combo"
BULLAUSDT,2026-06-21 07:55:00+00:00,0.004682,6.727894062366491,7.605212561418484,88.48314606741565,0.8876404494382019,318822.346643,1582263.0666490002,120.73477964531769,65.92446165767385,3.804468038044684,5257,40.93705386112914,0.5132866837820603,37.52669799231096,6.749252456215271,38.82956001708671,6.749252456215271,38.82956001708671,6.749252456215271,38.82956001708671,6.749252456215271,REAL_CONTINUATION,0,54,14.91,21.51,14.0,8.0,0.0,-4.0,"ret5=6.73 modest | close_pos=0.89->11.5, body=88.5->10.0 | rvol=120.7 | q5=318822 | no combo | 12h compression ≤4% −4"
NAORISUSDT,2026-06-21 10:25:00+00:00,0.03032,4.287598944591031,8.709996700758825,49.242424242424335,0.496212121212122,209159.82864,1052680.1474199998,108.95054553269505,130.3097120405494,3.314550878355993,2872,41.17562724014337,0.5960815180939422,4.5844327176781,1.912928759894461,4.5844327176781,1.912928759894461,4.5844327176781,1.912928759894461,5.771767810026396,1.715039577836408,FAILED_OR_PARTIAL,0,0,4.0,0.0,14.0,8.0,0.0,-28.0,"ret5=4.29<5 (high-wick path) | close_pos=0.50->0.0, body=49.2->0.0 | rvol=109.0 | q5=209160 | no combo | close in lower half −10 | vol_accel>=80 without wide body −8 | vol_accel>=120 and weak close −6 | 12h compression ≤4% −4"
BANUSDT,2026-06-21 12:45:00+00:00,0.06494,9.655066214967656,12.850539291217268,75.1798561151079,0.756594724220623,666924.01834,1459222.54644,565.3267030220214,147.9693181259603,3.808049535603697,9029,109.44242424242424,0.6636611841505987,10.317215891592246,6.113335386510621,10.317215891592246,5.882352941176472,11.934093008931336,5.882352941176472,11.934093008931336,5.882352941176472,FAILED_OR_PARTIAL,0,63,24.85,12.22,20.0,10.0,6.0,-10.0,"ret5=9.66 strong | close_pos=0.76->6.8, body=75.2->5.4 | rvol=565.3 | q5=666924 | combo ret5>=7 & body>=70 | vol_accel>=120 and weak close −6 | 12h compression ≤4% −4"
APRUSDT,2026-06-21 16:50:00+00:00,0.1944,5.092592592592604,6.124549665465762,83.19327731092459,0.8403361344537826,211761.1336,1972507.75763,58.88351524384444,70.84724027273576,4.170957775489192,2307,30.288840262582056,0.5373014342420389,5.915637860082312,3.1378600823045444,8.436213991769549,3.1378600823045444,8.436213991769549,3.1378600823045444,8.436213991769549,3.1378600823045444,FAILED_OR_PARTIAL,0,42,8.37,17.13,8.0,8.0,0.0,0.0,"ret5=5.09 modest | close_pos=0.84->9.6, body=83.2->7.5 | rvol=58.9 | q5=211761 | no combo"
1000000BOBUSDT,2026-06-21 17:35:00+00:00,0.01339,4.630321135175497,16.129032258064523,28.83720930232552,0.3162790697674417,746362.12757,1555779.46533,694.1330187150324,25.804538840543675,14.334470989761105,8828,20.25932300631096,0.5054097278731782,7.542942494398797,-6.572068707991042,41.89693801344285,-6.572068707991042,41.89693801344285,-6.572068707991042,41.89693801344285,-6.572068707991042,REAL_CONTINUATION,0,20,4.0,0.0,16.0,10.0,0.0,-10.0,"ret5=4.63<5 (high-wick path) | close_pos=0.32->0.0, body=28.8->0.0 | rvol=694.1 | q5=746362 | no combo | close in lower half −10"
NAORISUSDT,2026-06-21 21:35:00+00:00,0.03052,8.027522935779817,12.87878787878789,62.659846547314594,0.6675191815856771,337303.68368,1642064.03368,157.6041506134696,68.23124044088709,8.88962326503635,4809,32.42022471910112,0.6707867593128681,37.61467889908259,8.027522935779817,37.61467889908259,8.027522935779817,37.61467889908259,8.027522935779817,37.94233289646134,8.027522935779817,REAL_CONTINUATION,1,44,19.43,7.0,14.0,8.0,0.0,-4.0,"ret5=8.03 strong | close_pos=0.67->4.5, body=62.7->2.5 | rvol=157.6 | q5=337304 | no combo | 1 prior FAIL 7d −4"
AVAAIUSDT,2026-06-22 13:30:00+00:00,0.005145,9.096209912536434,9.836065573770504,92.85714285714278,0.9702380952380948,153325.06189,732005.232203,135.75944622146474,62.92250172880844,2.5313971742543018,1476,29.818181818181817,0.5140412793672605,12.342079689018458,3.012633624878513,12.342079689018458,3.012633624878513,12.886297376093282,3.012633624878513,14.965986394557817,3.012633624878513,FAILED_OR_PARTIAL,0,81,22.99,25.0,14.0,8.0,15.0,-4.0,"ret5=9.10 strong | close_pos=0.97->15.0, body=92.9->10.0 | rvol=135.8 | q5=153325 | combo ret5>=7 & close>=0.80 & body>=70 | 12h compression ≤4% −4"
FIGHTUSDT,2026-06-23 21:45:00+00:00,0.003643,2.7449903925336194,11.245865490628423,24.50980392156861,0.2818627450980387,171807.445218,1639347.303695999,73.43009432874192,51.88540462780835,8.044343376918706,3395,31.877934272300468,0.5045101123645532,8.619269832555565,2.0312928904748784,8.619269832555565,2.0312928904748784,8.619269832555565,2.0312928904748784,8.619269832555565,2.0312928904748784,FAILED_OR_PARTIAL,0,6,0.0,0.0,8.0,8.0,0.0,-10.0,"ret5=2.74<5 (high-wick path) | close_pos=0.28->0.0, body=24.5->0.0 | rvol=73.4 | q5=171807 | no combo | close in lower half −10"
AKEUSDT,2026-06-24 07:10:00+00:00,0.0003563,3.957339320797093,9.438202247191008,41.96428571428576,0.4285714285714292,119435.1784074,1581626.9897103,62.42747153367974,60.63149880778403,11.015384615384626,1996,27.28018223234624,0.6821201942413,4.294134156609597,0.81392085321359,4.294134156609597,0.81392085321359,4.294134156609597,0.81392085321359,4.294134156609597,-1.8523715969688488,FAILED_OR_PARTIAL,0,7,4.0,0.0,8.0,5.0,0.0,-10.0,"ret5=3.96<5 (high-wick path) | close_pos=0.43->0.0, body=42.0->0.0 | rvol=62.4 | q5=119435 | no combo | close in lower half −10"
ICNTUSDT,2026-06-25 14:15:00+00:00,0.1564,5.626598465473154,7.524115755626992,75.21367521367532,0.8290598290598311,104405.7996,1922086.4932,53.68823032699201,3.019619218612404,14.553686934023302,1454,3.56591048436542,0.5458949868528185,8.43989769820972,4.283887468030678,8.43989769820972,3.772378516624042,13.235294117647056,3.772378516624042,19.181585677749368,3.772378516624042,FAILED_OR_PARTIAL,0,38,10.51,14.55,8.0,5.0,0.0,0.0,"ret5=5.63 modest | close_pos=0.83->9.2, body=75.2->5.4 | rvol=53.7 | q5=104406 | no combo"
GMEUSDT,2026-06-26 21:25:00+00:00,21.83,5.038937242327091,5.183486238532109,97.34513274336304,1.0,78859.1703,205783.6256,1716.4249469733163,258.92766111837415,4.287756074321125,670,54.69387755102041,0.7037581804230574,4.809894640403112,0.8703618873110441,4.809894640403112,0.8703618873110441,4.809894640403112,0.8703618873110441,4.809894640403112,0.8703618873110441,FAILED_OR_PARTIAL,0,54,8.16,25.0,16.0,5.0,0.0,0.0,"ret5=5.04 modest | close_pos=1.00->15.0, body=97.3->10.0 | rvol=1716.4 | q5=78859 | no combo"
FUSDT,2026-06-27 00:00:00+00:00,0.003455,5.672937771345876,6.492753623188419,87.4999999999999,0.8973214285714286,543684.462068,1784218.3889290004,164.74313599117357,152.0356089716036,7.743496672716277,6730,76.62239089184061,0.5532318196917319,6.164978292329937,0.28943560057888,6.164978292329937,-0.2894356005788689,6.164978292329937,-2.11287988422576,6.164978292329937,-2.373371924746748,FAILED_OR_PARTIAL,0,57,10.69,21.89,14.0,10.0,0.0,0.0,"ret5=5.67 modest | close_pos=0.90->11.9, body=87.5->10.0 | rvol=164.7 | q5=543684 | no combo"
AIOTUSDT,2026-06-28 11:55:00+00:00,0.05208,4.454685099846389,8.38461538461539,53.2110091743118,0.5504587155963298,124599.36189,924389.71815,65.25239060833034,33.17003709834073,4.719823257682254,1773,12.369767441860464,0.6912549164259608,5.376344086021501,1.824116743471582,5.376344086021501,1.824116743471582,5.376344086021501,0.2496159754224125,5.376344086021501,-3.7058371735791074,FAILED_OR_PARTIAL,0,19,4.0,1.99,8.0,5.0,0.0,0.0,"ret5=4.45<5 (high-wick path) | close_pos=0.55->1.3, body=53.2->0.6 | rvol=65.3 | q5=124599 | no combo"
BIRBUSDT,2026-06-28 13:05:00+00:00,0.06535,6.166794185156843,6.443694384780607,95.95238095238086,1.0,287382.64094,1794541.53068,131.58445605887064,9.434241856169963,9.164198749588692,3252,7.611468695143358,0.5892442008539919,9.563886763580708,-0.321346595256311,9.563886763580708,-0.581484315225711,9.563886763580708,-2.7697016067329883,9.563886763580708,-5.340474368783488,FAILED_OR_PARTIAL,0,60,12.67,25.0,14.0,8.0,0.0,0.0,"ret5=6.17 modest | close_pos=1.00->15.0, body=96.0->10.0 | rvol=131.6 | q5=287383 | no combo"
1000XECUSDT,2026-06-28 13:20:00+00:00,0.00534,5.430711610486871,7.065217391304368,76.92307692307666,0.7798408488063648,853399.710987,1783081.885516,1038.72627177142,26.41918134588932,6.523875024562775,11684,15.921871451283216,0.5205174761346583,12.172284644194754,1.404494382022459,12.172284644194754,1.404494382022459,12.172284644194754,-1.217228464419473,12.172284644194754,-1.8164794007490603,FAILED_OR_PARTIAL,0,49,9.72,13.31,16.0,10.0,0.0,0.0,"ret5=5.43 modest | close_pos=0.78->7.5, body=76.9->5.8 | rvol=1038.7 | q5=853400 | no combo"
BULLAUSDT,2026-06-29 06:15:00+00:00,0.006285,2.0047732696897524,8.815075055892674,22.8260869565218,0.269927536231884,120744.647121,1744184.870851,32.27902939778935,28.487130086858205,9.013693881088592,1447,9.598673300165837,0.6608637401791857,2.991249005568819,1.161495624502784,2.991249005568819,1.1296738265712092,3.3890214797136053,0.7159904534606243,6.93715194908513,0.7159904534606243,FAILED_OR_PARTIAL,0,0,0.0,0.0,4.0,5.0,0.0,-10.0,"ret5=2.00<5 (high-wick path) | close_pos=0.27->0.0, body=22.8->0.0 | rvol=32.3 | q5=120745 | no combo | close in lower half −10"
KOMAUSDT,2026-06-30 08:25:00+00:00,0.006754,5.803968018951733,6.855196920343509,84.66522678185731,0.8466522678185732,141062.615564,722474.557963,118.00766211985687,105.219444922252,2.0475760313158675,1921,29.97659297789337,0.5364551344907317,7.77317145395322,0.3849570624814946,7.77317145395322,0.3849570624814946,7.77317145395322,0.3849570624814946,7.77317145395322,0.1776724903760795,FAILED_OR_PARTIAL,0,44,11.22,17.78,14.0,5.0,0.0,-4.0,"ret5=5.80 modest | close_pos=0.85->9.9, body=84.7->7.9 | rvol=118.0 | q5=141063 | no combo | 12h compression ≤4% −4"
AIOTUSDT,2026-06-30 11:35:00+00:00,0.05563,6.201689735754101,10.334841628959278,60.42031523642735,0.670753064798599,278947.61226,1857286.22541,119.45650804508784,6.219966985537034,21.06063899152357,4432,4.452034153691613,0.5733147280391063,10.69566780514113,0.9347474384324927,10.69566780514113,0.9347474384324927,10.69566780514113,-0.4134459823836089,11.612439331296054,-0.4134459823836089,FAILED_OR_PARTIAL,1,37,12.81,6.64,14.0,8.0,0.0,-4.0,"ret5=6.20 modest | close_pos=0.67->4.6, body=60.4->2.1 | rvol=119.5 | q5=278948 | no combo | 1 prior FAIL 7d −4"
BROCCOLIF3BUSDT,2026-07-01 06:30:00+00:00,0.005626,7.28759331674369,9.735146743020762,75.36764705882347,0.8235294117647048,353639.928166,1507248.3491890002,429.7682220048094,6.361152112297507,20.059498512537168,5903,6.134580410496233,0.5409384169940342,15.517241379310342,-10.415926057589752,15.517241379310342,-10.415926057589752,15.517241379310342,-10.415926057589752,15.517241379310342,-10.415926057589752,FAILED_OR_PARTIAL,0,74,16.96,14.37,20.0,8.0,15.0,0.0,"ret5=7.29 strong | close_pos=0.82->8.9, body=75.4->5.4 | rvol=429.8 | q5=353640 | combo ret5>=7 & close>=0.80 & body>=70"
BIRBUSDT,2026-07-02 01:30:00+00:00,0.05897,7.681872138375434,8.037383177570101,95.77167019027486,0.9830866807611,401634.22422,1558808.84244,200.3904202871066,27.49102569098844,14.247619047619043,5328,18.18947368421053,0.5859718101888802,14.922842123113432,1.9671019162285968,14.922842123113432,1.9671019162285968,14.922842123113432,1.9671019162285968,85.21282007800575,1.9671019162285968,REAL_CONTINUATION,1,78,18.27,25.0,14.0,10.0,15.0,-4.0,"ret5=7.68 strong | close_pos=0.98->15.0, body=95.8->10.0 | rvol=200.4 | q5=401634 | combo ret5>=7 & close>=0.80 & body>=70 | 1 prior FAIL 7d −4"
ERAUSDT,2026-07-02 09:25:00+00:00,0.0852,4.694835680751175,9.080188679245271,51.94805194805201,0.5714285714285717,275389.3615,1763222.2402,147.2923299824371,11.855830476824243,8.85286783042396,2994,10.933657942787583,0.5682529885962933,4.929577464788726,-0.3521126760563264,4.929577464788726,-1.1737089201877993,4.929577464788726,-1.1737089201877993,4.929577464788726,-2.699530516431925,FAILED_OR_PARTIAL,0,28,4.0,2.29,14.0,8.0,0.0,0.0,"ret5=4.69<5 (high-wick path) | close_pos=0.57->1.9, body=51.9->0.4 | rvol=147.3 | q5=275389 | no combo"
CHILLGUYUSDT,2026-07-03 20:30:00+00:00,0.009656,7.0215410107705045,7.962213225371117,88.39634941329851,0.9139504563233376,414835.243324,1756229.662779,209.85966466753607,125.25975077110756,6.425573135292195,5410,70.18378378378378,0.6970687148901419,11.692212096106047,6.120546810273408,11.743993371996677,6.120546810273408,11.743993371996677,6.120546810273408,11.743993371996677,6.120546810273408,FAILED_OR_PARTIAL,0,80,16.07,25.0,14.0,10.0,15.0,0.0,"ret5=7.02 strong | close_pos=0.91->15.0, body=88.4->10.0 | rvol=209.9 | q5=414835 | combo ret5>=7 & close>=0.80 & body>=70"
FUSDT,2026-07-04 00:20:00+00:00,0.003668,5.943293347873513,6.494930117840503,91.98312236286924,1.0,368514.59862,1400354.7103360002,205.5764652539465,18.56737373813116,4.745951982132879,4548,18.62662116040956,0.5747188639991795,7.360959651035981,-0.9269356597600752,7.360959651035981,-2.3446019629225656,7.360959651035981,-2.699018538713182,7.360959651035981,-2.699018538713182,FAILED_OR_PARTIAL,0,59,11.77,25.0,14.0,8.0,0.0,0.0,"ret5=5.94 modest | close_pos=1.00->15.0, body=92.0->10.0 | rvol=205.6 | q5=368515 | no combo"
OGNUSDT,2026-07-04 11:00:00+00:00,0.01671,9.9940155595452,10.419161676646716,95.97701149425284,0.9655172413793098,646271.78517,1856667.19349,437.9513458589138,17.004459535179148,8.135810377962827,11435,18.24491424012764,0.5274984393761291,20.58647516457213,8.677438659485336,20.58647516457213,8.677438659485336,37.64213046080192,8.677438659485336,37.64213046080192,8.677438659485336,REAL_CONTINUATION,0,96,25.98,25.0,20.0,10.0,15.0,0.0,"ret5=9.99 strong | close_pos=0.97->15.0, body=96.0->10.0 | rvol=438.0 | q5=646272 | combo ret5>=7 & close>=0.80 & body>=70"
ETHWUSDT,2026-07-04 15:00:00+00:00,0.2818,2.1646557842441405,8.348134991119016,25.9574468085106,0.2723404255319153,391525.3333,1681637.7267,256.305087208955,11.189163132379935,15.32033426183843,6443,10.833123160992011,0.4817895713416407,3.761533002129158,-2.8034066713981565,3.761533002129158,-2.8034066713981565,3.761533002129158,-2.838892831795603,3.761533002129158,-4.755145493257618,FAILED_OR_PARTIAL,0,18,0.0,0.0,20.0,8.0,0.0,-10.0,"ret5=2.16<5 (high-wick path) | close_pos=0.27->0.0, body=26.0->0.0 | rvol=256.3 | q5=391525 | no combo | close in lower half −10"
ALABUSDT,2026-07-06 13:30:00+00:00,412.11,6.427895464803091,7.639294759399973,84.44373605355436,0.8912974179152067,155916.4252,1042467.1742,991.5837160820606,16.109738128689116,4.30296807002104,1142,27.96734693877551,0.494475841150827,10.237557933561426,4.984106185241788,10.237557933561426,4.984106185241788,10.237557933561426,4.984106185241788,10.237557933561426,4.205187935259991,FAILED_OR_PARTIAL,0,57,13.71,19.5,16.0,8.0,0.0,0.0,"ret5=6.43 modest | close_pos=0.89->11.7, body=84.4->7.9 | rvol=991.6 | q5=155916 | no combo"
CRWDUSDT,2026-07-06 13:30:00+00:00,190.2,5.14721345951632,5.796336377553701,89.16211293260501,0.9617486338797824,342896.4691,1341683.323,371.6601191199748,75.89723445525195,3.0628920870894527,2360,40.63127690100431,0.6286564876733518,9.211356466876984,4.463722397476344,10.25762355415354,4.463722397476344,10.25762355415354,4.463722397476344,10.25762355415354,4.463722397476344,FAILED_OR_PARTIAL,0,58,8.59,25.0,20.0,8.0,0.0,-4.0,"ret5=5.15 modest | close_pos=0.96->15.0, body=89.2->10.0 | rvol=371.7 | q5=342896 | no combo | 12h compression ≤4% −4"
AVAAIUSDT,2026-07-08 06:50:00+00:00,0.005264,5.509118541033442,10.266159695817478,53.7037037037038,0.5444444444444447,502591.605509,1782011.557554,284.5154832573523,24.37764028843435,9.35412026726059,6162,23.13642052565708,0.4445148139546461,9.061550151975696,3.571428571428581,9.061550151975696,2.887537993920985,9.061550151975696,-0.4559270516717228,9.061550151975696,-0.4559270516717228,FAILED_OR_PARTIAL,0,42,10.04,1.93,20.0,10.0,0.0,0.0,"ret5=5.51 modest | close_pos=0.54->1.2, body=53.7->0.7 | rvol=284.5 | q5=502592 | no combo"
KOMAUSDT,2026-07-08 11:40:00+00:00,0.007341,2.615447486718425,8.548057259713705,30.622009569377905,0.3157894736842095,95488.258753,775049.67408,73.55959042783063,35.170302584765025,3.297755883962772,1114,14.88641425389755,0.629896643184001,2.792535076964975,1.96158561503883,4.672387958043855,1.689143168505658,4.672387958043855,1.5801661898923849,4.672387958043855,0.967170685192742,FAILED_OR_PARTIAL,0,0,0.0,0.0,8.0,5.0,0.0,-14.0,"ret5=2.62<5 (high-wick path) | close_pos=0.32->0.0, body=30.6->0.0 | rvol=73.6 | q5=95488 | no combo | close in lower half −10 | 12h compression ≤4% −4"
LSKUSDT,2026-07-08 20:10:00+00:00,0.0853,2.930832356389224,8.568075117370899,34.24657534246578,0.3561643835616445,1053437.1012,1553882.2174999998,1008.5240460226526,1138.65367667662,2.1531100478469067,10367,631.492385786802,0.5236328684186655,3.3997655334114807,0.8206330597889666,3.3997655334114807,0.0,3.3997655334114807,0.0,7.97186400937866,0.0,FAILED_OR_PARTIAL,0,0,0.0,0.0,16.0,10.0,0.0,-28.0,"ret5=2.93<5 (high-wick path) | close_pos=0.36->0.0, body=34.2->0.0 | rvol=1008.5 | q5=1053437 | no combo | close in lower half −10 | vol_accel>=80 without wide body −8 | vol_accel>=120 and weak close −6 | 12h compression ≤4% −4"
MAVUSDT,2026-07-08 20:25:00+00:00,0.00978,1.4314928425357865,10.143442622950817,14.141414141414096,0.1616161616161621,950489.97586,1883279.71568,585.8297571619136,45.09936133678412,7.456140350877183,16717,70.31335436382756,0.5306087327051255,1.4314928425357865,-5.112474437627812,1.4314928425357865,-5.112474437627812,16.66666666666665,-5.112474437627812,19.83640081799589,-5.112474437627812,FAILED_OR_PARTIAL,0,20,0.0,0.0,20.0,10.0,0.0,-10.0,"ret5=1.43<5 (high-wick path) | close_pos=0.16->0.0, body=14.1->0.0 | rvol=585.8 | q5=950490 | no combo | close in lower half −10"
BROCCOLIF3BUSDT,2026-07-08 22:55:00+00:00,0.005713,6.949063539296341,14.790827936285655,46.98224852071007,0.4698224852071007,334235.534802,1308889.02421,154.13545599205665,64.79533935382887,8.61912538559244,4853,46.182394924662965,0.5677170776961462,7.824260458603183,2.258008051811644,7.824260458603183,2.22300017503938,7.824260458603183,-0.175039383861375,7.824260458603183,-3.623315245930348,FAILED_OR_PARTIAL,0,28,15.8,0.0,14.0,8.0,0.0,-10.0,"ret5=6.95 modest | close_pos=0.47->0.0, body=47.0->0.0 | rvol=154.1 | q5=334236 | no combo | close in lower half −10"
CUSDT,2026-07-10 15:20:00+00:00,0.07132,5.286034772854742,5.412226584408297,97.66839378238362,0.976683937823836,484015.18,1692053.84689,236.0920890456213,21.67821244161268,10.2966036575995,15051,18.83729662077597,0.5140233859194251,5.916993830622541,-0.9113853056646026,5.916993830622541,-0.9113853056646026,5.916993830622541,-0.9113853056646026,5.916993830622541,-4.066180594503644,FAILED_OR_PARTIAL,0,58,9.14,25.0,14.0,10.0,0.0,0.0,"ret5=5.29 modest | close_pos=0.98->15.0, body=97.7->10.0 | rvol=236.1 | q5=484015 | no combo"
DODOXUSDT,2026-07-11 11:25:00+00:00,0.016326,7.34411368369472,11.574301128003928,63.5063559322033,0.6424788135593211,445413.18322,1296732.208742,349.8527478258044,53.2326734083176,5.391215264438465,10772,50.3953216374269,0.5093847534165493,10.829351953938504,-0.1898811711380621,10.829351953938504,-0.5145167217934676,10.829351953938504,-0.5145167217934676,10.829351953938504,-1.6354281514149194,FAILED_OR_PARTIAL,0,54,17.15,6.5,20.0,10.0,0.0,0.0,"ret5=7.34 strong | close_pos=0.64->3.8, body=63.5->2.7 | rvol=349.9 | q5=445413 | no combo"
AZTECUSDT,2026-07-12 14:55:00+00:00,0.01384,7.008670520231219,7.8757225433526035,88.99082568807337,0.8899082568807337,325725.87452,784846.43551,472.2385918241826,343.8874100210694,2.1913805697589384,4077,103.65254237288136,0.5562422923478102,7.514450867052025,3.757225433526013,7.514450867052025,3.757225433526013,10.621387283237006,3.757225433526013,12.210982658959546,3.757225433526013,FAILED_OR_PARTIAL,0,77,16.03,21.6,20.0,8.0,15.0,-4.0,"ret5=7.01 strong | close_pos=0.89->11.6, body=89.0->10.0 | rvol=472.2 | q5=325726 | combo ret5>=7 & close>=0.80 & body>=70 | 12h compression ≤4% −4"
BANUSDT,2026-07-13 14:05:00+00:00,0.06648,8.348375451263546,11.094339622641504,75.5102040816327,0.7863945578231288,535152.56328,1466605.22615,303.89698487280856,106.78215469847466,6.960873521383082,5586,60.01074306177261,0.4376108287226291,10.935619735258715,7.039711191335751,10.935619735258715,7.039711191335751,12.34957882069796,7.039711191335751,14.651022864019248,7.039711191335751,FAILED_OR_PARTIAL,0,70,20.49,13.11,20.0,10.0,6.0,0.0,"ret5=8.35 strong | close_pos=0.79->7.6, body=75.5->5.5 | rvol=303.9 | q5=535153 | combo ret5>=7 & body>=70"
BOTUSDT,2026-07-14 15:15:00+00:00,34.78,5.319148936170226,5.848458657447431,91.1330049261084,0.9458128078817736,257143.1375,1691881.2088,164.2581771167529,16.874343797766787,11.615360203110114,3022,13.461024498886417,0.7212599235707777,5.290396779758466,2.501437607820578,5.290396779758466,2.501437607820578,6.440483036227729,2.386428982173649,6.440483036227729,2.386428982173649,FAILED_OR_PARTIAL,0,56,9.28,25.0,14.0,8.0,0.0,0.0,"ret5=5.32 modest | close_pos=0.95->15.0, body=91.1->10.0 | rvol=164.3 | q5=257143 | no combo"
AKEUSDT,2026-07-15 04:45:00+00:00,0.0001881,13.503455608718774,17.252396166134186,78.39506172839512,0.7932098765432098,571227.6537806,1807064.2154236,282.9119885847298,73.58524992310475,3.615758229897459,7634,47.53918007265179,0.5809798478672165,49.4949494949495,13.237639553429029,68.63370547581076,13.237639553429029,128.4954811270601,13.237639553429029,308.9845826687932,13.237639553429029,REAL_CONTINUATION,0,76,30.0,14.06,20.0,10.0,6.0,-4.0,"ret5=13.50 very strong | close_pos=0.79->7.8, body=78.4->6.2 | rvol=282.9 | q5=571228 | combo ret5>=7 & body>=70 | 12h compression ≤4% −4"
FWDIUSDT,2026-07-17 08:45:00+00:00,4.034,4.015865146256825,12.515613290032457,32.33532934131739,0.3852295409181633,708853.99581,1674186.03418,762.282526755377,91.8251974127685,6.313696246582157,11657,117.84667228306655,0.5257981546031965,9.221616261774912,2.9499256321269263,10.361923648983652,2.9499256321269263,10.361923648983652,2.9499256321269263,10.361923648983652,0.9915716410510588,FAILED_OR_PARTIAL,0,12,4.0,0.0,16.0,10.0,0.0,-18.0,"ret5=4.02<5 (high-wick path) | close_pos=0.39->0.0, body=32.3->0.0 | rvol=762.3 | q5=708854 | no combo | close in lower half −10 | vol_accel>=80 without wide body −8"
ARIAUSDT,2026-07-18 17:45:00+00:00,0.02439,5.330053300533022,7.045735475896175,76.02339181286565,0.830409356725147,237441.28251,1135921.75967,195.36498622035924,9.860147518960128,9.816225907664734,4584,8.609798090467992,0.5031194082897897,12.997129971299714,3.1980319803198043,13.366133661336631,3.1980319803198043,13.366133661336631,3.1980319803198043,15.416154161541629,3.1980319803198043,FAILED_OR_PARTIAL,0,46,9.32,14.82,14.0,8.0,0.0,0.0,"ret5=5.33 modest | close_pos=0.83->9.2, body=76.0->5.6 | rvol=195.4 | q5=237441 | no combo"
ICNTUSDT,2026-07-19 16:35:00+00:00,0.1562,6.7221510883482605,8.968609865470857,74.9999999999998,0.7571428571428563,327728.1757,1226390.4263,287.68415267841914,76.57527421965524,1.6129032258064502,4682,67.52884615384616,0.4938406524074761,12.80409731113956,4.929577464788726,12.80409731113956,4.929577464788726,12.80409731113956,4.929577464788726,12.80409731113956,4.929577464788726,FAILED_OR_PARTIAL,0,51,14.89,12.19,20.0,8.0,0.0,-4.0,"ret5=6.72 modest | close_pos=0.76->6.9, body=75.0->5.3 | rvol=287.7 | q5=327728 | no combo | 12h compression ≤4% −4"
AZTECUSDT,2026-07-19 22:15:00+00:00,0.01306,8.72894333843799,10.94946401225114,79.7202797202798,0.7972027972027981,910918.1671,1235923.22543,1647.9881076211925,1113.0263773131742,2.8682170542635665,8946,260.5631067961165,0.5744500708619142,12.327718223583473,5.053598774885137,12.327718223583473,5.053598774885137,12.327718223583473,4.211332312404292,12.327718223583473,3.751914241960175,FAILED_OR_PARTIAL,0,58,21.76,14.52,16.0,10.0,6.0,-10.0,"ret5=8.73 strong | close_pos=0.80->7.9, body=79.7->6.6 | rvol=1648.0 | q5=910918 | combo ret5>=7 & body>=70 | vol_accel>=120 and weak close −6 | 12h compression ≤4% −4"
AGTUSDT,2026-07-20 02:05:00+00:00,0.014164,8.373340864162682,11.951684678957395,70.09456264775426,0.705082742316786,323261.295362,1084398.931886,203.9203463647704,52.50794395699256,4.780963469655064,4020,28.54437869822485,0.7093926300524159,10.830273933916978,1.9839028523016111,14.423891556057612,1.9839028523016111,14.600395368539964,1.9839028523016111,27.66167749223385,-0.4518497599548143,REAL_CONTINUATION,0,58,20.58,9.49,14.0,8.0,6.0,0.0,"ret5=8.37 strong | close_pos=0.71->5.5, body=70.1->4.0 | rvol=203.9 | q5=323261 | combo ret5>=7 & body>=70"
KNCUSDT,2026-07-20 06:55:00+00:00,0.1137,6.33245382585752,7.3943661971831,85.7142857142858,0.8690476190476184,708630.6255,1367379.6618,1000.7948751517862,36.70747339935499,4.2124542124541975,10036,47.19122257053292,0.520979251975612,6.772207563764288,-3.957783641160939,6.772207563764288,-3.957783641160939,6.772207563764288,-6.244503078276164,6.772207563764288,-7.563764291996478,FAILED_OR_PARTIAL,0,60,13.33,20.76,16.0,10.0,0.0,0.0,"ret5=6.33 modest | close_pos=0.87->10.8, body=85.7->10.0 | rvol=1000.8 | q5=708631 | no combo"
IRENUSDT,2026-07-20 11:00:00+00:00,34.75,5.179856115107895,7.357184073860368,70.58823529411742,0.7411764705882343,858614.1853,1977052.2642,792.6775980696136,156.38951925697984,4.288266825491371,9059,146.9027027027027,0.5075114591168169,6.820143884892072,3.5107913669064628,6.820143884892072,3.5107913669064628,6.820143884892072,3.5107913669064628,14.935251798561143,3.5107913669064628,FAILED_OR_PARTIAL,0,39,8.72,10.59,16.0,10.0,0.0,-6.0,"ret5=5.18 modest | close_pos=0.74->6.4, body=70.6->4.2 | rvol=792.7 | q5=858614 | no combo | vol_accel>=120 and weak close −6"
BOTUSDT,2026-07-21 20:05:00+00:00,28.57,8.120406020301019,8.120406020301019,100.0,1.0,55096.4846,1635847.0302,28.04702712450379,8.01106257291341,5.25349008082292,633,5.95764705882353,0.9284280906735018,11.690584529226468,8.120406020301019,11.690584529226468,8.120406020301019,11.690584529226468,-5.005250262513128,11.690584529226468,-5.005250262513128,FAILED_OR_PARTIAL,0,69,19.73,25.0,4.0,5.0,15.0,0.0,"ret5=8.12 strong | close_pos=1.00->15.0, body=100.0->10.0 | rvol=28.0 | q5=55096 | combo ret5>=7 & close>=0.80 & body>=70"
BNCUSDT,2026-07-21 20:10:00+00:00,3.1,12.290322580645151,12.419354838709662,98.96103896103897,0.9896103896103896,67245.53839,738170.96986,155.2966504620122,21.006494383220133,7.199177236887211,492,11.879275653923544,0.964197217278016,12.645161290322582,12.290322580645151,12.645161290322582,12.290322580645151,12.645161290322582,-1.5806451612903172,12.645161290322582,-1.5806451612903172,FAILED_OR_PARTIAL,0,89,30.0,25.0,14.0,5.0,15.0,0.0,"ret5=12.29 very strong | close_pos=0.99->15.0, body=99.0->10.0 | rvol=155.3 | q5=67246 | combo ret5>=7 & close>=0.80 & body>=70"
FWDIUSDT,2026-07-21 20:10:00+00:00,4.403,12.355212355212377,12.786736316148106,96.62522202486676,0.9662522202486676,48847.69635,637585.4165399999,70.8717535959753,21.60852888557729,6.327602674307564,932,27.75186104218362,0.696614588663197,20.349761526232136,12.264365205541685,20.349761526232136,12.264365205541685,20.349761526232136,-1.794231205995911,20.349761526232136,-1.794231205995911,REAL_CONTINUATION,1,76,30.0,25.0,8.0,2.0,15.0,-4.0,"ret5=12.36 very strong | close_pos=0.97->15.0, body=96.6->10.0 | rvol=70.9 | q5=48848 | combo ret5>=7 & close>=0.80 & body>=70 | 1 prior FAIL 7d −4"
LISTAUSDT,2026-07-22 15:05:00+00:00,0.0519,11.560693641618492,12.804642166344273,90.63444108761335,0.9365558912386712,930066.34905,1889218.8343,893.9280000437128,35.61668745916179,10.894859318806848,10025,27.509718728561623,0.5048115699160292,21.96531791907512,9.614643545279389,21.96531791907512,3.506743737957607,21.96531791907512,-3.448940269749523,21.96531791907512,-5.7225433526011615,REAL_CONTINUATION,0,96,30.0,25.0,16.0,10.0,15.0,0.0,"ret5=11.56 very strong | close_pos=0.94->15.0, body=90.6->10.0 | rvol=893.9 | q5=930066 | combo ret5>=7 & close>=0.80 & body>=70"
AINUSDT,2026-07-23 14:45:00+00:00,0.08253,0.7997091966557512,11.74293820155421,6.932773109243633,0.2226890756302517,328023.09083,1632529.36825,186.4526482078749,28.86807861741332,7.842424242424228,4909,13.579529737206084,0.508629903577328,1.0056948988246717,-3.017084696474015,1.0056948988246717,-3.017084696474015,10.371985944505036,-3.017084696474015,10.371985944505036,-3.017084696474015,FAILED_OR_PARTIAL,0,12,0.0,0.0,14.0,8.0,0.0,-10.0,"ret5=0.80<5 (high-wick path) | close_pos=0.22->0.0, body=6.9->0.0 | rvol=186.5 | q5=328023 | no combo | close in lower half −10"
AINUSDT,2026-07-23 16:05:00+00:00,0.08299,1.5664537896132202,9.879372738238846,15.873015873015984,0.1697191697191699,159976.98344,1823380.48686,89.5054370151237,12.024018680488254,13.180909545227394,2056,5.575593220338983,0.6458030477787335,4.337872032775048,1.0242197855163226,4.747559946981572,1.0242197855163226,4.747559946981572,1.0242197855163226,4.747559946981572,0.9037233401614664,FAILED_OR_PARTIAL,1,2,0.0,0.0,8.0,8.0,0.0,-14.0,"ret5=1.57<5 (high-wick path) | close_pos=0.17->0.0, body=15.9->0.0 | rvol=89.5 | q5=159977 | no combo | close in lower half −10 | 1 prior FAIL 7d −4"
HIMSUSDT,2026-07-23 16:35:00+00:00,32.23,5.150480918399025,5.56592039800996,92.73743016759764,0.9664804469273732,226843.1046,1086646.1999,626.4847313697634,71.35491223161549,5.781097759012677,2031,39.69381107491857,0.5827545626000042,10.828420726031652,1.954700589512881,11.479987589202612,1.954700589512881,11.479987589202612,1.954700589512881,11.479987589202612,-3.1337263419174644,FAILED_OR_PARTIAL,0,58,8.6,25.0,16.0,8.0,0.0,0.0,"ret5=5.15 modest | close_pos=0.97->15.0, body=92.7->10.0 | rvol=626.5 | q5=226843 | no combo"
AGTUSDT,2026-07-24 03:15:00+00:00,0.013034,15.290777965321457,17.701096186506106,86.91670300915831,0.9040558220671612,824500.22142,1770127.550459,393.411982737543,137.27883075662257,4.223013048635815,10904,46.21971034969975,0.5252147121248738,16.518336657971467,5.470308424121528,16.518336657971467,4.864201319625594,16.518336657971467,4.864201319625594,16.518336657971467,4.864201319625594,FAILED_OR_PARTIAL,0,100,30.0,25.0,20.0,10.0,15.0,0.0,"ret5=15.29 very strong | close_pos=0.90->15.0, body=86.9->10.0 | rvol=393.4 | q5=824500 | combo ret5>=7 & close>=0.80 & body>=70"
CHILLGUYUSDT,2026-07-24 19:35:00+00:00,0.009907,13.525789845563764,31.625745175305653,42.811501597444106,0.4313099041533547,1207673.859593,1784851.000498,1117.5397638920035,969.2643338368392,5.84896097313734,24155,450.79315707620526,0.538195220722957,14.131422226708402,5.036842636519645,14.131422226708402,4.249520541031604,16.614514989401453,4.249520541031604,16.614514989401453,4.249520541031604,FAILED_OR_PARTIAL,0,32,30.0,0.0,16.0,10.0,0.0,-24.0,"ret5=13.53 very strong | close_pos=0.43->0.0, body=42.8->0.0 | rvol=1117.5 | q5=1207674 | no combo | close in lower half −10 | vol_accel>=80 without wide body −8 | vol_accel>=120 and weak close −6"
AGTUSDT,2026-07-26 06:25:00+00:00,0.014499,6.917718463342304,11.111877976395878,62.298136645962806,0.6291925465838515,380214.544576,1156992.38562,235.3230267432681,105.6354783051778,5.145725840189641,4519,38.0814606741573,0.5273658573230099,15.890751086281796,6.159045451410439,17.242568452996764,-0.8207462583626368,17.242568452996764,-1.041451134561,17.242568452996764,-1.041451134561,FAILED_OR_PARTIAL,1,32,15.67,5.9,14.0,8.0,0.0,-12.0,"ret5=6.92 modest | close_pos=0.63->3.4, body=62.3->2.5 | rvol=235.3 | q5=380215 | no combo | vol_accel>=80 without wide body −8 | 1 prior FAIL 7d −4"
IRYSUSDT,2026-07-27 00:05:00+00:00,0.0134,5.447761194029854,5.820895522388048,93.58974358974362,0.9358974358974362,501422.31635,1265410.67453,313.71210353695375,234.0700909617624,5.689789555728764,6576,115.7067448680352,0.5466995866986006,7.910447761194028,1.1194029850746243,10.298507462686567,1.1194029850746243,10.298507462686567,1.1194029850746243,10.298507462686567,1.1194029850746243,FAILED_OR_PARTIAL,0,65,9.79,25.0,20.0,10.0,0.0,0.0,"ret5=5.45 modest | close_pos=0.94->15.0, body=93.6->10.0 | rvol=313.7 | q5=501422 | no combo"
INXUSDT,2026-07-27 08:20:00+00:00,0.00761,7.490144546649158,9.724047306176086,77.02702702702703,0.7702702702702703,551913.061237,1234220.601536,483.8441733467288,63.4030862127691,7.047592306612383,7641,38.28475991649269,0.5308509634295252,11.511169513797649,5.400788436268078,11.524310118265449,5.400788436268078,16.3994743758213,5.400788436268078,16.3994743758213,3.416557161629452,FAILED_OR_PARTIAL,0,67,17.63,13.08,20.0,10.0,6.0,0.0,"ret5=7.49 strong | close_pos=0.77->7.2, body=77.0->5.9 | rvol=483.8 | q5=551913 | combo ret5>=7 & body>=70"
BROCCOLIF3BUSDT,2026-07-27 14:30:00+00:00,0.005721,5.243838489774522,6.160308015400773,85.22727272727273,0.8721590909090912,157972.522327,1372034.142493,57.97624108377786,28.351746484119523,5.758017492711387,2073,13.873954266592303,0.6538721910522122,13.966089844432773,3.9153994056982944,15.36444677503932,3.9153994056982944,30.2045097011012,3.9153994056982944,69.23614752665617,3.9153994056982944,REAL_CONTINUATION,0,46,8.98,20.89,8.0,8.0,0.0,0.0,"ret5=5.24 modest | close_pos=0.87->10.9, body=85.2->10.0 | rvol=58.0 | q5=157973 | no combo"
IOSTUSDT,2026-07-27 20:15:00+00:00,0.0006247,3.6497518809028406,8.177008177008172,44.70588235294126,0.4666666666666658,916041.6980827,1922120.2294137,539.9473134357264,335.312014885589,4.10140481188439,10013,89.6686567164179,0.5614120823901306,7.731711221386273,2.225068032655675,8.051864895149684,2.225068032655675,8.32399551784857,2.225068032655675,8.32399551784857,2.1770449815911697,FAILED_OR_PARTIAL,0,10,4.0,0.0,20.0,10.0,0.0,-24.0,"ret5=3.65<5 (high-wick path) | close_pos=0.47->0.0, body=44.7->0.0 | rvol=539.9 | q5=916042 | no combo | close in lower half −10 | vol_accel>=80 without wide body −8 | vol_accel>=120 and weak close −6"
BNCUSDT,2026-07-28 08:00:00+00:00,2.721,5.549430356486584,7.794117647058818,71.22641509433961,0.7169811320754711,352238.31119,1444018.12954,381.8669952092992,10.521335681657924,10.635924135366317,6127,12.689678978253363,0.7032732483389011,5.8066887173833015,4.1161337743476745,5.8066887173833015,4.1161337743476745,5.953693495038581,4.1161337743476745,5.953693495038581,4.1161337743476745,FAILED_OR_PARTIAL,1,44,10.2,10.11,20.0,8.0,0.0,-4.0,"ret5=5.55 modest | close_pos=0.72->5.8, body=71.2->4.3 | rvol=381.9 | q5=352238 | no combo | 1 prior FAIL 7d −4"
AGTUSDT,2026-07-29 08:50:00+00:00,0.014096,5.122020431328034,8.316170726510897,61.65670367207517,0.629376601195559,192381.854834,1739476.489638,53.06452281963746,50.45588324043913,6.125839774615338,2717,18.286034772854737,0.5198874844683317,5.363223609534629,1.1492622020431442,5.363223609534629,1.1492622020431442,6.384790011350749,1.1492622020431442,6.384790011350749,1.1492622020431442,FAILED_OR_PARTIAL,2,22,8.49,5.78,8.0,8.0,0.0,-8.0,"ret5=5.12 modest | close_pos=0.63->3.5, body=61.7->2.3 | rvol=53.1 | q5=192382 | no combo | 2 prior FAIL 7d −8"
KOMAUSDT,2026-07-30 02:30:00+00:00,0.008408,7.397716460513792,8.49393290506779,87.11484593837532,0.8739495798319329,393816.445286,1438853.958027,213.2771799842249,25.44530915023024,8.762223365928978,5744,22.0287631831256,0.446610802736461,9.83587059942912,0.9752616555661175,9.83587059942912,0.9752616555661175,16.888677450047563,0.9752616555661175,25.97526165556612,0.9752616555661175,REAL_CONTINUATION,0,75,17.33,20.96,14.0,8.0,15.0,0.0,"ret5=7.40 strong | close_pos=0.87->11.0, body=87.1->10.0 | rvol=213.3 | q5=393816 | combo ret5>=7 & close>=0.80 & body>=70"
AGTUSDT,2026-07-30 10:50:00+00:00,0.014411,6.3562556380542645,12.145439377085657,52.4327418431597,0.5397824842587298,439055.965453,1815634.975552,189.53139460986463,140.10764573699382,3.04090227710756,5960,47.743658210947935,0.5913892506689908,6.501977655957258,0.9784192630629462,6.501977655957258,0.9784192630629462,6.501977655957258,0.9784192630629462,6.55055166192493,0.9784192630629462,FAILED_OR_PARTIAL,3,13,13.43,1.55,14.0,10.0,0.0,-26.0,"ret5=6.36 modest | close_pos=0.54->1.1, body=52.4->0.5 | rvol=189.5 | q5=439056 | no combo | vol_accel>=80 without wide body −8 | vol_accel>=120 and weak close −6 | 12h compression ≤4% −4 | 3 prior FAIL 7d −8"
AINUSDT,2026-07-31 08:35:00+00:00,0.06922,5.793123374747178,6.949862736598766,83.36798336798321,0.8357588357588362,116214.7617,1884010.97002,47.041936797762354,2.356929748038607,23.02231237322516,2360,2.107613306541639,0.599016755717359,6.457671193296743,2.297023981508217,7.353366079167856,2.297023981508217,7.87344698064143,2.297023981508217,7.87344698064143,2.2536839063854286,FAILED_OR_PARTIAL,0,37,11.17,17.0,4.0,5.0,0.0,0.0,"ret5=5.79 modest | close_pos=0.84->9.4, body=83.4->7.6 | rvol=47.0 | q5=116215 | no combo"
HIMSUSDT,2026-07-31 13:30:00+00:00,27.37,5.151625867738408,6.140350877192979,83.92857142857146,0.8452380952380963,125335.7367,1209131.4406,145.68069387933718,27.992017425277268,2.3454951600893503,1400,26.20904836193448,0.6952238323581019,5.590062111801242,-0.3653635367190433,5.590062111801242,-0.9864815491413936,5.590062111801242,-1.607599561563755,5.590062111801242,-1.607599561563755,FAILED_OR_PARTIAL,0,41,8.61,17.52,14.0,5.0,0.0,-4.0,"ret5=5.15 modest | close_pos=0.85->9.8, body=83.9->7.7 | rvol=145.7 | q5=125336 | no combo | 12h compression ≤4% −4"
BNCUSDT,2026-07-31 15:35:00+00:00,2.638,5.38286580742986,5.839969662495248,92.2077922077922,0.9285714285714276,95486.59825,647641.55952,221.7261604102765,27.507479278267844,6.465517241379315,1476,22.335435056746533,0.6661551829866346,5.837755875663375,2.9946929492039587,5.913570887035635,2.9946929492039587,6.368460955269151,2.9946929492039587,6.747536012130406,1.2130401819560266,FAILED_OR_PARTIAL,1,50,9.53,25.0,14.0,5.0,0.0,-4.0,"ret5=5.38 modest | close_pos=0.93->15.0, body=92.2->10.0 | rvol=221.7 | q5=95487 | no combo | 1 prior FAIL 7d −4"
AGTUSDT,2026-08-04 16:00:00+00:00,0.014209,9.120979660778383,12.596038626911945,72.52378287632911,0.7375489647453837,422302.356128,1428283.936375,217.73229817026225,67.97420636837559,6.041932285026208,7769,24.97401553710153,0.5867207536154493,27.40516574002394,7.980857203181091,27.40516574002394,5.566894221971985,27.40516574002394,2.8925329016820323,27.40516574002394,2.8925329016820323,REAL_CONTINUATION,2,56,23.07,11.01,14.0,10.0,6.0,-8.0,"ret5=9.12 strong | close_pos=0.74->6.3, body=72.5->4.7 | rvol=217.7 | q5=422302 | combo ret5>=7 & body>=70 | 2 prior FAIL 7d −8"
ARIAUSDT,2026-08-05 09:55:00+00:00,0.02964,5.465587044534415,6.106612685560053,89.50276243093946,0.8950276243093945,272404.53159,1172970.41585,150.13516533364174,20.75781428465808,11.177347242921009,4822,16.401360544217688,0.5532080631713399,5.3643724696356365,1.619433198380582,5.3643724696356365,-2.1929824561403577,5.3643724696356365,-4.385964912280693,5.3643724696356365,-5.668016194331981,FAILED_OR_PARTIAL,0,54,9.86,21.8,14.0,8.0,0.0,0.0,"ret5=5.47 modest | close_pos=0.90->11.8, body=89.5->10.0 | rvol=150.1 | q5=272405 | no combo"
COLLECTUSDT,2026-08-05 14:10:00+00:00,0.05282,1.8174933737220789,11.702329104336307,15.533980582524318,0.1569579288025888,288355.31155,1554714.97096,107.85721909641018,60.61289758594139,5.713736052327811,3917,22.340304182509502,0.4411590381540173,3.3699356304430106,1.400984475577438,3.3699356304430106,-1.5145778114350694,3.3699356304430106,-3.06702006815599,3.710715638015905,-3.06702006815599,FAILED_OR_PARTIAL,0,12,0.0,0.0,14.0,8.0,0.0,-10.0,"ret5=1.82<5 (high-wick path) | close_pos=0.16->0.0, body=15.5->0.0 | rvol=107.9 | q5=288355 | no combo | close in lower half −10"
CETUSUSDT,2026-08-08 14:35:00+00:00,0.01911,5.0235478806907485,9.324253535882663,53.93258426966305,0.5505617977528099,792204.99674,1638374.61714,779.9952398535709,67.21386324240025,9.189497716894968,11540,53.674418604651166,0.521764087200852,24.48979591836736,4.238618524332827,24.48979591836736,4.238618524332827,24.48979591836736,-2.197802197802201,24.48979591836736,-2.93040293040292,REAL_CONTINUATION,0,36,8.09,2.13,16.0,10.0,0.0,0.0,"ret5=5.02 modest | close_pos=0.55->1.3, body=53.9->0.8 | rvol=780.0 | q5=792205 | no combo"
MAGICUSDT,2026-08-08 16:25:00+00:00,0.04367,6.068239065720182,11.332874512502864,53.643724696356266,0.5526315789473691,1003501.265819,1794666.5454950002,708.9327289785167,49.8731719249436,6.715328467153303,19932,42.01370103636044,0.5162401415808872,8.472635676665918,-1.4197389512251024,8.472635676665918,-2.289901534234029,8.472635676665918,-2.9539729791618896,8.472635676665918,-2.9539729791618896,FAILED_OR_PARTIAL,0,40,12.27,2.13,16.0,10.0,0.0,0.0,"ret5=6.07 modest | close_pos=0.55->1.4, body=53.6->0.7 | rvol=708.9 | q5=1003501 | no combo"
AGTUSDT,2026-08-11 03:05:00+00:00,0.014096,10.86833144154371,14.77272727272727,73.65384615384616,0.7442307692307687,629882.928779,1635306.103084,345.79644447559724,302.7683097159851,3.5411073216747635,7670,73.69095276220978,0.5228433649065419,15.63564131668558,6.533768444948929,15.63564131668558,6.533768444948929,15.63564131668558,6.533768444948929,15.63564131668558,6.533768444948929,FAILED_OR_PARTIAL,0,67,30.0,11.49,20.0,10.0,6.0,-10.0,"ret5=10.87 very strong | close_pos=0.74->6.5, body=73.7->5.0 | rvol=345.8 | q5=629883 | combo ret5>=7 & body>=70 | vol_accel>=120 and weak close −6 | 12h compression ≤4% −4"
BTRUSDT,2026-08-11 04:35:00+00:00,0.02204,12.06896551724137,14.675147660154476,82.35294117647057,0.8328173374613007,428769.12811,1879114.56433,166.28468036275638,84.25789346973939,6.309297912713463,7462,39.70909090909091,0.5498533511711136,45.689655172413794,11.842105263157876,51.27041742286751,11.842105263157876,52.63157894736843,11.842105263157876,54.12885662431941,11.842105263157876,REAL_CONTINUATION,0,86,30.0,16.61,14.0,10.0,15.0,0.0,"ret5=12.07 very strong | close_pos=0.83->9.3, body=82.4->7.3 | rvol=166.3 | q5=428769 | combo ret5>=7 & close>=0.80 & body>=70"
AGTUSDT,2026-08-12 17:30:00+00:00,0.014865,14.813319878910193,19.78036785016506,74.99999999999999,0.7574931880108988,962007.225467,1875240.349718,511.160789598052,411.9250865504335,4.752094492514769,18688,157.26227208976158,0.5331556009925147,15.472586612848982,3.8883282879246472,15.472586612848982,3.8883282879246472,15.472586612848982,3.4376051126808083,15.472586612848982,3.4376051126808083,FAILED_OR_PARTIAL,1,68,30.0,12.2,20.0,10.0,6.0,-10.0,"ret5=14.81 very strong | close_pos=0.76->6.9, body=75.0->5.3 | rvol=511.2 | q5=962007 | combo ret5>=7 & body>=70 | vol_accel>=120 and weak close −6 | 1 prior FAIL 7d −4"
CROSSUSDT,2026-08-14 07:00:00+00:00,0.1061,7.9359095193213935,9.179019384264532,87.1635610766045,0.9606625258799166,226100.96407,1673213.1132700006,105.74233552736676,8.683973520243352,10.549943883277212,3370,5.34355179704017,0.4604228810265948,8.680490103675776,2.375117813383598,8.680490103675776,2.32799245994344,8.680490103675776,2.32799245994344,19.132893496701243,2.32799245994344,FAILED_OR_PARTIAL,0,81,19.12,25.0,14.0,8.0,15.0,0.0,"ret5=7.94 strong | close_pos=0.96->15.0, body=87.2->10.0 | rvol=105.7 | q5=226101 | combo ret5>=7 & close>=0.80 & body>=70"
DOLOUSDT,2026-08-14 17:05:00+00:00,0.02348,8.560477001703571,10.39794608472402,82.71604938271591,0.8724279835390942,636897.99982,1723826.63917,484.83348501523545,35.836493621359395,12.541886069889909,13874,28.089758731229963,0.5484851057763209,28.2793867120954,-2.640545144804096,37.43611584327087,-2.640545144804096,38.3304940374787,-2.640545144804096,38.3304940374787,-2.640545144804096,REAL_CONTINUATION,0,84,21.2,18.29,20.0,10.0,15.0,0.0,"ret5=8.56 strong | close_pos=0.87->10.9, body=82.7->7.4 | rvol=484.8 | q5=636898 | combo ret5>=7 & close>=0.80 & body>=70"
AGTUSDT,2026-08-15 12:35:00+00:00,0.015706,7.290207563988282,9.399311312332603,77.67978290366354,0.7930800542740842,180175.878586,1308962.1397060002,75.77166012738736,57.40481461164883,5.032216494845354,3439,24.98062953995157,0.6099835496766645,7.417547434101612,1.973767986756636,7.417547434101612,1.935566025722646,7.417547434101612,1.935566025722646,7.417547434101612,1.935566025722646,FAILED_OR_PARTIAL,2,45,16.97,13.86,8.0,8.0,6.0,-8.0,"ret5=7.29 strong | close_pos=0.79->7.8, body=77.7->6.0 | rvol=75.8 | q5=180176 | combo ret5>=7 & body>=70 | 2 prior FAIL 7d −8"
HAEDALUSDT,2026-08-17 12:55:00+00:00,0.01697,8.073070123747783,8.726415094339647,92.5675675675674,0.9324324324324306,456504.58699,1118016.21312,330.235196706796,146.3371618621877,2.51346499102334,5818,94.8586956521739,0.5119446977322912,16.49970536240424,-0.2357100766057662,16.49970536240424,-0.2357100766057662,16.49970536240424,-2.003535651149091,16.49970536240424,-3.6535061873895103,FAILED_OR_PARTIAL,0,86,19.58,25.0,20.0,10.0,15.0,-4.0,"ret5=8.07 strong | close_pos=0.93->15.0, body=92.6->10.0 | rvol=330.2 | q5=456505 | combo ret5>=7 & close>=0.80 & body>=70 | 12h compression ≤4% −4"
AGTUSDT,2026-08-18 07:30:00+00:00,0.014834,5.979506539031942,7.99918995544755,74.85232067510549,0.7654008438818558,219695.458623,960743.897871,153.88805078111412,132.42693044383032,1.9003664992534253,4870,48.29752066115703,0.5645729735080414,9.208574895510305,3.5526493191317288,9.208574895510305,3.5526493191317288,14.75664015100444,3.5526493191317288,14.952136982607534,3.5526493191317288,FAILED_OR_PARTIAL,2,28,11.92,12.37,14.0,8.0,0.0,-18.0,"ret5=5.98 modest | close_pos=0.77->7.1, body=74.9->5.3 | rvol=153.9 | q5=219695 | no combo | vol_accel>=120 and weak close −6 | 12h compression ≤4% −4 | 2 prior FAIL 7d −8"
BASUSDT,2026-08-18 14:25:00+00:00,0.025972,2.560449715077784,10.057758952637652,25.4594180704442,0.2553598774885149,220176.566464,1334116.044554,127.26569810307096,182.6089314767345,3.382138205927632,3058,40.45865490628446,0.6728949475566658,2.9647312490374222,1.0434313876482415,2.9647312490374222,0.6776528569228502,3.068689357769916,0.6776528569228502,3.773294316956721,0.6776528569228502,FAILED_OR_PARTIAL,0,0,0.0,0.0,14.0,8.0,0.0,-28.0,"ret5=2.56<5 (high-wick path) | close_pos=0.26->0.0, body=25.5->0.0 | rvol=127.3 | q5=220177 | no combo | close in lower half −10 | vol_accel>=80 without wide body −8 | vol_accel>=120 and weak close −6 | 12h compression ≤4% −4"
1000XECUSDT,2026-08-20 00:00:00+00:00,0.006549,5.451213925790199,5.819459294333296,93.70078740157466,0.9422572178477684,403231.211433,1926291.083815,132.1245377291142,89.2716007346386,8.644369041848442,9756,51.21259842519685,0.5988984947861017,6.260497785921504,3.0844403725759584,7.2072072072072,3.0844403725759584,9.176973583753243,3.0844403725759584,10.413803634142615,3.0844403725759584,FAILED_OR_PARTIAL,0,59,9.8,25.0,14.0,10.0,0.0,0.0,"ret5=5.45 modest | close_pos=0.94->15.0, body=93.7->10.0 | rvol=132.1 | q5=403231 | no combo"
BTRUSDT,2026-08-20 14:20:00+00:00,0.02816,5.184659090909083,7.104795737122549,73.00000000000003,0.7350000000000002,256113.19405,1967902.89959,73.36373860157639,33.41884059457737,9.246088193456623,4896,19.24402227317393,0.5975567678880385,6.889204545454541,4.794034090909083,6.889204545454541,4.794034090909083,7.0667613636363535,4.794034090909083,11.505681818181811,4.794034090909083,FAILED_OR_PARTIAL,0,36,8.74,11.07,8.0,8.0,0.0,0.0,"ret5=5.18 modest | close_pos=0.74->6.3, body=73.0->4.8 | rvol=73.4 | q5=256113 | no combo"
MAVIAUSDT,2026-08-22 05:10:00+00:00,0.03171,5.077262693156737,46.93277310924368,14.413607878245305,0.8522829006266787,478397.96552,1796900.58787,174.21964975230122,45.30741758314609,5.603586295228946,5073,21.71815911523368,0.4648379764288592,6.811731315042557,-25.291706086408084,6.811731315042557,-25.291706086408084,6.811731315042557,-25.291706086408084,6.811731315042557,-25.291706086408084,FAILED_OR_PARTIAL,0,42,8.31,10.09,14.0,10.0,0.0,0.0,"ret5=5.08 modest | close_pos=0.85->10.1, body=14.4->0.0 | rvol=174.2 | q5=478398 | no combo"
ALCHUSDT,2026-08-22 05:20:00+00:00,0.02633,0.3038359285985503,11.576923076923084,2.6578073089701046,0.1362126245847177,81920.00016,1199951.2674299998,45.8658446498034,2.6036292402671863,38.65623561895997,1335,2.224382116078868,0.649511897901344,5.469046714774017,0.3038359285985503,5.469046714774017,0.3038359285985503,5.9627800987466895,0.3038359285985503,6.4944929737941415,0.3038359285985503,FAILED_OR_PARTIAL,0,0,0.0,0.0,4.0,5.0,0.0,-10.0,"ret5=0.30<5 (high-wick path) | close_pos=0.14->0.0, body=2.7->0.0 | rvol=45.9 | q5=81920 | no combo | close in lower half −10"
FLUIDUSDT,2026-08-26 03:30:00+00:00,1.318,12.291350531107724,13.460076045627378,91.5254237288135,0.9322033898305084,392889.1497,1240445.5765,283.7865873872122,325.2391738680337,5.369649805447474,3915,105.8108108108108,0.5641853471119159,21.32018209408193,10.394537177541729,21.851289833080425,10.394537177541729,24.05159332321698,10.394537177541729,24.05159332321698,10.394537177541729,REAL_CONTINUATION,0,98,30.0,25.0,20.0,8.0,15.0,0.0,"ret5=12.29 very strong | close_pos=0.93->15.0, body=91.5->10.0 | rvol=283.8 | q5=392889 | combo ret5>=7 & close>=0.80 & body>=70"
B2USDT,2026-08-26 06:10:00+00:00,0.4154,5.103514684641319,6.268081002892956,81.53846153846145,0.8384615384615371,234306.9705,1482590.3607,128.0274101098648,25.72069918471516,9.22470433639948,3692,18.9901414487784,0.6296623761775795,20.365912373615803,5.151661049590772,20.365912373615803,5.151661049590772,20.365912373615803,4.092441020702942,20.365912373615803,2.3110255175734284,REAL_CONTINUATION,0,47,8.41,16.62,14.0,8.0,0.0,0.0,"ret5=5.10 modest | close_pos=0.84->9.5, body=81.5->7.1 | rvol=128.0 | q5=234307 | no combo"
CTSIUSDT,2026-08-26 19:35:00+00:00,0.02592,5.208333333333326,5.401234567901248,96.42857142857132,0.9642857142857132,238353.92232,1834325.8723,69.23164665011605,27.71330515126036,3.767660910518056,3680,24.397790055248617,0.6441953276265263,7.638888888888906,2.893518518518512,7.638888888888906,-1.2345679012345625,7.638888888888906,-1.736111111111105,7.638888888888906,-1.736111111111105,FAILED_OR_PARTIAL,0,46,8.83,25.0,8.0,8.0,0.0,-4.0,"ret5=5.21 modest | close_pos=0.96->15.0, body=96.4->10.0 | rvol=69.2 | q5=238354 | no combo | 12h compression ≤4% −4"
AGTUSDT,2026-08-28 03:25:00+00:00,0.015484,5.108499095840879,10.636786360113671,48.02671523983008,0.4802671523983007,342251.376073,921081.965079,297.4982865312816,130.09880617754683,2.6660552862570297,6418,28.84494382022472,0.5197636035071989,5.793076724360624,2.2539395505037474,5.793076724360624,2.2539395505037474,5.793076724360624,2.2539395505037474,5.793076724360624,1.6274864376130127,FAILED_OR_PARTIAL,0,8,8.43,0.0,20.0,8.0,0.0,-28.0,"ret5=5.11 modest | close_pos=0.48->0.0, body=48.0->0.0 | rvol=297.5 | q5=342251 | no combo | close in lower half −10 | vol_accel>=80 without wide body −8 | vol_accel>=120 and weak close −6 | 12h compression ≤4% −4"
AGTUSDT,2026-08-31 16:10:00+00:00,0.015332,7.68327680667884,13.038090268719005,58.92946473236622,0.5892946473236622,1175659.551377,1723424.3442640002,1105.009112498071,199.27353271230848,5.415549597855218,15868,111.09451575262544,0.5152845449581498,14.792590660057405,4.89825202191494,14.792590660057405,4.89825202191494,14.792590660057405,4.89825202191494,17.186277067571098,4.89825202191494,FAILED_OR_PARTIAL,1,30,18.28,4.17,16.0,10.0,0.0,-18.0,"ret5=7.68 strong | close_pos=0.59->2.4, body=58.9->1.8 | rvol=1105.0 | q5=1175660 | no combo | vol_accel>=80 without wide body −8 | vol_accel>=120 and weak close −6 | 1 prior FAIL 7d −4"
