symbol,time_utc,price,ret5_pct,range_pct,body_pct,close_pos,quote_volume_5m,volume24_usd,rvol,vol_accel_1h,range12_pct,trades,trades_accel,taker_buy_share,mfe_30m_pct,mae_30m_pct,mfe_1h_pct,mae_1h_pct,mfe_2h_pct,mae_2h_pct,mfe_4h_pct,mae_4h_pct,label
1000000BOBUSDT,2026-01-17T10:05:00+00:00,0.01899,4.05476566614007,10.273972602739722,39.48717948717948,0.3999999999999996,224670.83498,510276.50034,322.4542909680677,439.5716665799757,1.3269639065817351,1990,79.0728476821192,0.5976527299680577,6.371774618220116,2.106371774618232,6.371774618220116,2.106371774618232,6.371774618220116,2.106371774618232,6.371774618220116,2.106371774618232,FAILED_OR_PARTIAL
1000000BOBUSDT,2026-03-18T10:00:00+00:00,0.0116,3.8793103448276014,11.917098445595853,32.608695652173985,0.3405797101449276,123959.4273,585322.00752,136.95185685800033,129.52075256829718,3.4542314335060498,1472,27.6,0.5340946188769623,4.051724137931045,0.6896551724137945,4.051724137931045,-0.172413793103443,4.051724137931045,-2.931034482758621,4.051724137931045,-3.275862068965507,FAILED_OR_PARTIAL
1000000BOBUSDT,2026-04-03T07:10:00+00:00,0.01207,5.385252692626352,7.730673316708225,69.89247311827963,0.7419354838709685,159515.37735,797945.0445399999,152.75744598734914,20.13798333471938,11.69429097605894,2401,13.174211248285324,0.4482593098413907,11.433305716652844,-0.165700082850051,11.433305716652844,-4.142502071251042,11.433305716652844,-4.142502071251042,11.433305716652844,-9.527754763877391,FAILED_OR_PARTIAL
1000000BOBUSDT,2026-04-24T05:15:00+00:00,0.01446,2.904564315352709,9.197786998616865,31.57894736842112,0.3157894736842112,93121.64864,870722.9784,77.92768109511357,39.9127181227646,5.46875,1353,22.55,0.5475594853042327,3.388658367911468,1.5905947441217094,3.526970954356856,1.5905947441217094,3.6652835408022,1.5905947441217094,3.6652835408022,1.5905947441217094,FAILED_OR_PARTIAL
1000000BOBUSDT,2026-05-03T13:45:00+00:00,0.01331,6.08564988730278,11.17824773413898,54.72972972972971,0.5945945945945948,120091.47581,730004.47779,145.0419345996333,28.09297265297601,5.849802371541513,1057,10.72189349112426,0.4904110974802084,75.95792637114951,5.559729526671675,75.95792637114951,5.559729526671675,75.95792637114951,5.559729526671675,75.95792637114951,5.559729526671675,REAL_CONTINUATION
1000000BOBUSDT,2026-05-21T00:55:00+00:00,0.01436,3.7604456824512633,8.07799442896937,46.55172413793103,0.4655172413793103,113167.33532,739899.6642100001,89.52131734341224,43.66617494728398,4.565217391304355,1201,18.69260700389105,0.6718424758788426,4.317548746518107,0.6963788300835771,4.317548746518107,0.4874651810585106,4.317548746518107,0.4874651810585106,4.317548746518107,0.4874651810585106,FAILED_OR_PARTIAL
1000000BOBUSDT,2026-06-21T17:35:00+00:00,0.01339,4.630321135175497,16.129032258064523,28.83720930232552,0.3162790697674417,746362.12757,1555779.46533,694.1330187150324,25.804538840543675,14.334470989761105,8828,20.25932300631096,0.5054097278731782,7.542942494398797,-6.572068707991042,41.89693801344285,-6.572068707991042,41.89693801344285,-6.572068707991042,41.89693801344285,-6.572068707991042,REAL_CONTINUATION
1000XECUSDT,2026-06-28T13:20:00+00:00,0.00534,5.430711610486871,7.065217391304368,76.92307692307666,0.7798408488063648,853399.710987,1783081.885516,1038.72627177142,26.41918134588932,6.523875024562775,11684,15.921871451283216,0.5205174761346583,12.172284644194754,1.404494382022459,12.172284644194754,1.404494382022459,12.172284644194754,-1.217228464419473,12.172284644194754,-1.8164794007490603,FAILED_OR_PARTIAL
1000XECUSDT,2026-08-20T00:00:00+00:00,0.006549,5.451213925790199,5.819459294333296,93.70078740157466,0.9422572178477684,403231.211433,1926291.083815,132.1245377291142,89.2716007346386,8.644369041848442,9756,51.21259842519685,0.5988984947861017,6.260497785921504,3.0844403725759584,7.2072072072072,3.0844403725759584,9.176973583753243,3.0844403725759584,10.413803634142615,3.0844403725759584,FAILED_OR_PARTIAL
AIOTUSDT,2026-02-09T11:05:00+00:00,0.03259,5.277692543725077,6.971005552128329,76.10619469026528,0.8362831858407074,63627.99179,1518375.66912,19.549387839512924,5.171535402918312,6.144890038809847,1494,4.045126353790614,0.5591190820136994,7.394906413010127,-3.344584228290892,7.394906413010127,-3.344584228290892,7.394906413010127,-3.344584228290892,7.394906413010127,-3.344584228290892,FAILED_OR_PARTIAL
AIOTUSDT,2026-03-03T17:40:00+00:00,0.02223,5.578047683310849,7.252252252252256,77.01863354037275,0.7888198757763976,68569.73455,1369136.3660300002,33.41514042267627,3.3265256283131563,11.39430284857572,1967,2.7687976539589445,0.5946334098795195,5.802968960863697,0.6747638326585648,5.802968960863697,0.6747638326585648,5.802968960863697,-2.6990553306342813,5.802968960863697,-2.6990553306342813,FAILED_OR_PARTIAL
AIOTUSDT,2026-06-28T11:55:00+00:00,0.05208,4.454685099846389,8.38461538461539,53.2110091743118,0.5504587155963298,124599.36189,924389.71815,65.25239060833034,33.17003709834073,4.719823257682254,1773,12.369767441860464,0.6912549164259608,5.376344086021501,1.824116743471582,5.376344086021501,1.824116743471582,5.376344086021501,0.2496159754224125,5.376344086021501,-3.7058371735791074,FAILED_OR_PARTIAL
AIOTUSDT,2026-06-30T11:35:00+00:00,0.05563,6.201689735754101,10.334841628959278,60.42031523642735,0.670753064798599,278947.61226,1857286.22541,119.45650804508784,6.219966985537034,21.06063899152357,4432,4.452034153691613,0.5733147280391063,10.69566780514113,0.9347474384324927,10.69566780514113,0.9347474384324927,10.69566780514113,-0.4134459823836089,11.612439331296054,-0.4134459823836089,FAILED_OR_PARTIAL
AGTUSDT,2025-12-28T02:15:00+00:00,0.003567,5.887300252312877,8.555399719495105,68.85245901639345,0.6950819672131142,176813.588129,529804.945139,278.9172806886169,362.6576860437823,3.4482758620689724,3989,155.41558441558442,0.6630387328685847,14.21362489486966,5.074292122231583,14.21362489486966,5.074292122231583,14.21362489486966,5.074292122231583,14.21362489486966,5.074292122231583,FAILED_OR_PARTIAL
AGTUSDT,2026-01-25T05:00:00+00:00,0.003657,8.476893628657379,9.439124487004102,89.85507246376804,0.9043478260869564,143007.228737,544409.99819,263.37004094009257,12.729076378443134,5.316091954022983,2502,11.12824314306894,0.6060773385686562,8.941755537325658,2.9805851791085525,8.941755537325658,2.0508613617719496,8.941755537325658,0.9570686354935632,8.941755537325658,0.9570686354935632,FAILED_OR_PARTIAL
AGTUSDT,2026-02-09T00:45:00+00:00,0.004401,13.61054305839582,13.869278068777046,98.35796387520516,1.0,495366.507825,1859066.393091,210.2655960477304,112.37118235002085,9.11380810625142,6958,31.531722054380666,0.4806268116618609,13.26971142922062,7.271074755737339,13.26971142922062,7.271074755737339,18.79118382185865,7.271074755737339,18.79118382185865,7.271074755737339,FAILED_OR_PARTIAL
AGTUSDT,2026-02-11T15:50:00+00:00,0.004681,6.366161076693011,9.8582474226804,64.92374727668847,0.7037037037037036,341597.641316,1630202.678881,224.95780898421447,32.32723605087315,21.993632133235373,6004,22.814439518682708,0.4591098837064898,9.805597094637886,1.0040589617603013,9.805597094637886,0.3631702627643562,9.805597094637886,0.3631702627643562,9.805597094637886,0.3631702627643562,FAILED_OR_PARTIAL
AGTUSDT,2026-02-27T13:00:00+00:00,0.005019,4.064554692169753,8.115653040877358,50.12285012285025,0.5110565110565115,141935.970845,1345504.305243,84.56162287485644,6.5361878438232255,11.30801687763714,1836,4.330188679245283,0.6689924286824643,5.459254831639759,3.387128910141457,5.459254831639759,3.387128910141457,5.459254831639759,3.387128910141457,5.99721059972107,3.387128910141457,FAILED_OR_PARTIAL
AGTUSDT,2026-03-12T03:50:00+00:00,0.006581,6.13888466798358,8.586243709013264,71.7584369449379,0.7602131438721139,198366.970654,1175084.681623,111.11357967888512,17.640433804491458,9.895513214505236,1771,10.453516969995082,0.6462358736354229,8.661297675125358,5.287950159550214,14.784987084029776,5.242364382312714,14.784987084029776,5.242364382312714,14.784987084029776,5.242364382312714,FAILED_OR_PARTIAL
AGTUSDT,2026-03-22T03:35:00+00:00,0.006846,1.519135261466542,10.945054945054933,13.92235609103079,0.1673360107095038,120781.227107,1031131.951106,60.26995152845381,54.13604071208307,5.259214863649975,2006,23.5078125,0.6267516282637001,11.21822962313761,1.300029214139653,11.21822962313761,1.300029214139653,11.21822962313761,1.300029214139653,11.21822962313761,1.300029214139653,FAILED_OR_PARTIAL
AGTUSDT,2026-03-23T14:55:00+00:00,0.00725,6.496551724137922,10.86566339914401,59.84752223634051,0.607369758576874,354868.957505,1675262.795628,125.33513395445648,47.35023435982472,10.575539568345338,3859,29.7036561898653,0.6578037718097982,7.227586206896541,4.593103448275859,7.268965517241366,4.593103448275859,8.648275862068955,4.4965517241379205,8.648275862068955,4.4965517241379205,FAILED_OR_PARTIAL
AGTUSDT,2026-03-29T14:05:00+00:00,0.006413,12.521440823327625,15.125526274754383,82.7835051546392,0.827835051546392,615354.870313,1506342.7800790002,397.8301836061792,248.3987609839096,3.317011530563896,7273,33.43908045977012,0.4726351689539162,14.610946514891609,9.527522220489626,14.610946514891609,9.527522220489626,17.542491813503823,6.892250116949938,17.542491813503823,6.892250116949938,FAILED_OR_PARTIAL
AGTUSDT,2026-03-31T17:10:00+00:00,0.007221,2.548123528597146,8.59991690901538,29.62962962962965,0.2962962962962965,72226.115643,907574.319135,49.907330148108656,42.753025915651136,5.699999999999994,1257,15.03888334995015,0.6149635507818527,9.569311729677343,2.1465171028943297,9.569311729677343,2.1465171028943297,9.569311729677343,2.1465171028943297,9.569311729677343,2.1465171028943297,FAILED_OR_PARTIAL
AGTUSDT,2026-04-22T14:45:00+00:00,0.014035,7.467046669041677,9.278571428571423,80.6774441878367,0.8337182448036944,166784.982273,1566028.279263,54.35915032347578,58.248509956897706,4.458973040476022,1329,12.577287066246056,0.4434907256693353,10.70181688635554,-0.6127538297114432,10.70181688635554,-0.6127538297114432,10.70181688635554,-0.6127538297114432,11.1221945137157,-0.6127538297114432,FAILED_OR_PARTIAL
AGTUSDT,2026-05-19T00:00:00+00:00,0.0096,3.833333333333333,8.339421772257616,46.05757196495617,0.4843554443053813,167301.230205,1666691.473039,57.7606635392798,42.829938791365336,7.693926955057351,2568,20.821621621621624,0.5029039494922105,6.531250000000011,3.218750000000004,6.531250000000011,0.0,6.531250000000011,-0.7083333333333219,6.531250000000011,-0.7083333333333219,FAILED_OR_PARTIAL
AGTUSDT,2026-05-20T01:45:00+00:00,0.010079,5.77438237920429,9.322202345458152,62.04690831556516,0.63859275053305,168612.649498,1442040.209075,63.07862456334213,45.86933469214952,3.239110753445318,2268,22.09090909090909,0.6142753846545098,9.167576148427424,-0.5456890564540129,9.167576148427424,-0.5456890564540129,9.167576148427424,-0.5456890564540129,9.167576148427424,-0.6845917253695766,FAILED_OR_PARTIAL
AGTUSDT,2026-06-13T02:15:00+00:00,0.014331,10.445886539669246,12.322936291954512,84.7678369195922,0.847678369195922,360153.882065,1511064.194634,156.84962626464224,140.91614192568767,2.6245800671892416,4870,65.15050167224081,0.5303596538868534,13.348684669597375,9.901611890307716,13.348684669597375,8.771195310864567,14.43025608820041,8.771195310864567,15.986323354964773,8.771195310864567,FAILED_OR_PARTIAL
AGTUSDT,2026-07-20T02:05:00+00:00,0.014164,8.373340864162682,11.951684678957395,70.09456264775426,0.705082742316786,323261.295362,1084398.931886,203.9203463647704,52.50794395699256,4.780963469655064,4020,28.54437869822485,0.7093926300524159,10.830273933916978,1.9839028523016111,14.423891556057612,1.9839028523016111,14.600395368539964,1.9839028523016111,27.66167749223385,-0.4518497599548143,REAL_CONTINUATION
AGTUSDT,2026-07-24T03:15:00+00:00,0.013034,15.290777965321457,17.701096186506106,86.91670300915831,0.9040558220671612,824500.22142,1770127.550459,393.411982737543,137.27883075662257,4.223013048635815,10904,46.21971034969975,0.5252147121248738,16.518336657971467,5.470308424121528,16.518336657971467,4.864201319625594,16.518336657971467,4.864201319625594,16.518336657971467,4.864201319625594,FAILED_OR_PARTIAL
AGTUSDT,2026-07-26T06:25:00+00:00,0.014499,6.917718463342304,11.111877976395878,62.298136645962806,0.6291925465838515,380214.544576,1156992.38562,235.3230267432681,105.6354783051778,5.145725840189641,4519,38.0814606741573,0.5273658573230099,15.890751086281796,6.159045451410439,17.242568452996764,-0.8207462583626368,17.242568452996764,-1.041451134561,17.242568452996764,-1.041451134561,FAILED_OR_PARTIAL
AGTUSDT,2026-07-29T08:50:00+00:00,0.014096,5.122020431328034,8.316170726510897,61.65670367207517,0.629376601195559,192381.854834,1739476.489638,53.06452281963746,50.45588324043913,6.125839774615338,2717,18.286034772854737,0.5198874844683317,5.363223609534629,1.1492622020431442,5.363223609534629,1.1492622020431442,6.384790011350749,1.1492622020431442,6.384790011350749,1.1492622020431442,FAILED_OR_PARTIAL
AGTUSDT,2026-07-30T10:50:00+00:00,0.014411,6.3562556380542645,12.145439377085657,52.4327418431597,0.5397824842587298,439055.965453,1815634.975552,189.53139460986463,140.10764573699382,3.04090227710756,5960,47.743658210947935,0.5913892506689908,6.501977655957258,0.9784192630629462,6.501977655957258,0.9784192630629462,6.501977655957258,0.9784192630629462,6.55055166192493,0.9784192630629462,FAILED_OR_PARTIAL
AGTUSDT,2026-08-04T16:00:00+00:00,0.014209,9.120979660778383,12.596038626911945,72.52378287632911,0.7375489647453837,422302.356128,1428283.936375,217.73229817026225,67.97420636837559,6.041932285026208,7769,24.97401553710153,0.5867207536154493,27.40516574002394,7.980857203181091,27.40516574002394,5.566894221971985,27.40516574002394,2.8925329016820323,27.40516574002394,2.8925329016820323,REAL_CONTINUATION
AGTUSDT,2026-08-11T03:05:00+00:00,0.014096,10.86833144154371,14.77272727272727,73.65384615384616,0.7442307692307687,629882.928779,1635306.103084,345.79644447559724,302.7683097159851,3.5411073216747635,7670,73.69095276220978,0.5228433649065419,15.63564131668558,6.533768444948929,15.63564131668558,6.533768444948929,15.63564131668558,6.533768444948929,15.63564131668558,6.533768444948929,FAILED_OR_PARTIAL
AGTUSDT,2026-08-12T17:30:00+00:00,0.014865,14.813319878910193,19.78036785016506,74.99999999999999,0.7574931880108988,962007.225467,1875240.349718,511.160789598052,411.9250865504335,4.752094492514769,18688,157.26227208976158,0.5331556009925147,15.472586612848982,3.8883282879246472,15.472586612848982,3.8883282879246472,15.472586612848982,3.4376051126808083,15.472586612848982,3.4376051126808083,FAILED_OR_PARTIAL
AGTUSDT,2026-08-15T12:35:00+00:00,0.015706,7.290207563988282,9.399311312332603,77.67978290366354,0.7930800542740842,180175.878586,1308962.1397060002,75.77166012738736,57.40481461164883,5.032216494845354,3439,24.98062953995157,0.6099835496766645,7.417547434101612,1.973767986756636,7.417547434101612,1.935566025722646,7.417547434101612,1.935566025722646,7.417547434101612,1.935566025722646,FAILED_OR_PARTIAL
AGTUSDT,2026-08-18T07:30:00+00:00,0.014834,5.979506539031942,7.99918995544755,74.85232067510549,0.7654008438818558,219695.458623,960743.897871,153.88805078111412,132.42693044383032,1.9003664992534253,4870,48.29752066115703,0.5645729735080414,9.208574895510305,3.5526493191317288,9.208574895510305,3.5526493191317288,14.75664015100444,3.5526493191317288,14.952136982607534,3.5526493191317288,FAILED_OR_PARTIAL
AGTUSDT,2026-08-28T03:25:00+00:00,0.015484,5.108499095840879,10.636786360113671,48.02671523983008,0.4802671523983007,342251.376073,921081.965079,297.4982865312816,130.09880617754683,2.6660552862570297,6418,28.84494382022472,0.5197636035071989,5.793076724360624,2.2539395505037474,5.793076724360624,2.2539395505037474,5.793076724360624,2.2539395505037474,5.793076724360624,1.6274864376130127,FAILED_OR_PARTIAL
AGTUSDT,2026-08-31T16:10:00+00:00,0.015332,7.68327680667884,13.038090268719005,58.92946473236622,0.5892946473236622,1175659.551377,1723424.3442640002,1105.009112498071,199.27353271230848,5.415549597855218,15868,111.09451575262544,0.5152845449581498,14.792590660057405,4.89825202191494,14.792590660057405,4.89825202191494,14.792590660057405,4.89825202191494,17.186277067571098,4.89825202191494,FAILED_OR_PARTIAL
AINUSDT,2025-12-27T08:40:00+00:00,0.04934,7.215241183623844,14.520381261407422,49.72067039106146,0.5013966480446932,811996.86541,1938410.413,366.3266710036994,227.67700076920048,2.733485193621865,11145,102.48275862068964,0.6021598599313736,12.038913660316176,6.9112282124037305,12.038913660316176,6.9112282124037305,12.687474665585729,6.9112282124037305,13.376570733684634,6.9112282124037305,FAILED_OR_PARTIAL
AINUSDT,2026-02-09T15:25:00+00:00,0.02978,5.8428475486904,8.079783637592964,72.80334728033468,0.8117154811715485,299563.76428,1939903.27381,236.73080157653496,6.993069513154185,15.350223546944864,6118,8.30779676360756,0.5765450892737727,7.588985896574885,-3.8616521155137695,7.588985896574885,-3.8616521155137695,7.588985896574885,-3.8616521155137695,7.588985896574885,-3.8616521155137695,FAILED_OR_PARTIAL
AINUSDT,2026-03-10T04:20:00+00:00,0.03579,80.49734562727018,80.64876957494408,99.89597780859916,1.0,1470032.18447,1839448.19781,2679.655574220072,1648.792959649074,3.727760519627221,18868,613.5934959349594,0.6614718031228548,103.18524727577535,35.0377200335289,103.18524727577535,35.0377200335289,103.18524727577535,35.0377200335289,103.18524727577535,35.0377200335289,REAL_CONTINUATION
AINUSDT,2026-04-11T14:20:00+00:00,0.06158,15.1835011367327,15.434606011372876,98.42105263157896,0.987368421052632,329797.02198,1168195.33148,326.8645274541378,56.061961342961226,6.786941580756012,5355,31.57739557739557,0.6179357629929074,21.33809678467033,3.296524845729132,21.33809678467033,3.296524845729132,21.33809678467033,3.296524845729132,21.33809678467033,3.296524845729132,REAL_CONTINUATION
AINUSDT,2026-04-26T13:30:00+00:00,0.07103,5.209066591581024,6.443372126028946,81.49779735682834,0.9405286343612352,249229.85731,1831374.95369,103.0405731946586,7.237713863003625,17.773372976544444,5357,5.5098997171509385,0.5004009175548968,8.221878079684641,-0.6335351260030819,8.221878079684641,-0.6335351260030819,8.221878079684641,-0.6335351260030819,12.177952977615105,-0.6335351260030819,FAILED_OR_PARTIAL
AINUSDT,2026-05-24T17:00:00+00:00,0.08165,3.1353337415799043,10.512129380053905,29.836829836829736,0.3018648018648011,275803.18102,1544954.49516,107.80550144946402,211.10687351652405,3.241028188252826,5419,86.47340425531915,0.5408704600081555,4.029393753827315,0.6246172688303631,4.029393753827315,-0.4654011022657722,4.029393753827315,-2.008573178199635,4.029393753827315,-3.086344151867726,FAILED_OR_PARTIAL
AINUSDT,2026-06-04T02:05:00+00:00,0.06278,5.160879260911111,8.095468472826962,64.54183266932252,0.798804780876492,24278.81171,924462.55443,15.219649065984038,2.932615209964351,20.879299156391973,544,2.8407310704960835,0.5983606118587919,6.084740363172991,4.714877349474356,9.031538706594455,4.714877349474356,9.764256132526272,4.714877349474356,9.764256132526272,4.714877349474356,FAILED_OR_PARTIAL
AINUSDT,2026-06-07T10:00:00+00:00,0.06732,3.6987522281639817,9.372210651591796,39.5238095238094,0.4111111111111103,164543.12159,951647.36191,112.2733673417245,47.43502195369364,8.264331210191077,3103,24.59445178335535,0.4842670105563542,11.482471776589431,2.257872846108122,11.482471776589431,2.257872846108122,11.482471776589431,1.990493166963736,11.482471776589431,-0.3267973856209138,FAILED_OR_PARTIAL
AINUSDT,2026-07-23T14:45:00+00:00,0.08253,0.7997091966557512,11.74293820155421,6.932773109243633,0.2226890756302517,328023.09083,1632529.36825,186.4526482078749,28.868078617413502,7.842424242424228,4909,13.579529737206084,0.508629903577328,1.0056948988246717,-3.017084696474015,1.0056948988246717,-3.017084696474015,10.371985944505036,-3.017084696474015,10.371985944505036,-3.017084696474015,FAILED_OR_PARTIAL
AINUSDT,2026-07-23T16:05:00+00:00,0.08299,1.5664537896132202,9.879372738238846,15.873015873015984,0.1697191697191699,159976.98344,1823380.48686,89.5054370151237,12.024018680488323,13.180909545227394,2056,5.575593220338983,0.6458030477787335,4.337872032775048,1.0242197855163226,4.747559946981572,1.0242197855163226,4.747559946981572,1.0242197855163226,4.747559946981572,0.9037233401614664,FAILED_OR_PARTIAL
AINUSDT,2026-07-31T08:35:00+00:00,0.06922,5.793123374747178,6.949862736598766,83.36798336798321,0.8357588357588362,116214.7617,1884010.97002,47.041936797762354,2.3569297480386107,23.02231237322516,2360,2.107613306541639,0.599016755717359,6.457671193296743,2.297023981508217,7.353366079167856,2.297023981508217,7.87344698064143,2.297023981508217,7.87344698064143,2.2536839063854286,FAILED_OR_PARTIAL
AIOUSDT,2026-04-25T08:00:00+00:00,0.08534,5.577689243027884,9.76896915679606,57.14285714285712,0.5798319327731091,241800.97413,1085780.63509,193.8864599050169,73.43412619955535,6.548780487804873,4493,44.22969647251846,0.4871509876410604,8.753222404499649,4.72228732130302,9.725802671666273,4.6636981485821405,9.725802671666273,4.6636981485821405,11.61237403327866,4.6636981485821405,FAILED_OR_PARTIAL
AIOUSDT,2026-04-28T07:30:00+00:00,0.08852,5.422503389064626,7.514712539610691,72.28915662650593,0.746987951807229,205573.45116,1372729.568,87.39224123774906,20.635435049983663,7.369668246445493,2977,11.705111402359108,0.5428862316619777,8.472661545413462,5.3321283325802105,9.963849977406223,5.3321283325802105,12.86714866696792,5.3321283325802105,12.86714866696792,5.3321283325802105,FAILED_OR_PARTIAL
ALABUSDT,2026-07-06T13:30:00+00:00,412.11,6.427895464803091,7.639294759399973,84.44373605355436,0.8912974179152067,155916.4252,1042467.1742,991.5837160820606,16.109738128689116,4.30296807002104,1142,27.96734693877551,0.494475841150827,10.237557933561426,4.984106185241788,10.237557933561426,4.984106185241788,10.237557933561426,4.984106185241788,10.237557933561426,4.205187935259991,FAILED_OR_PARTIAL
AKEUSDT,2025-12-28T08:50:00+00:00,0.0004262,7.29704364148287,8.399812294697329,86.87150837988825,0.8687150837988825,246225.6816525,787368.9819180999,258.76852717956734,54.88961250439889,3.535353535353525,3384,32.43450479233227,0.6950115468041084,9.033317691224774,4.833411543876109,10.417644298451425,4.833411543876109,14.852182074143606,4.833411543876109,14.852182074143606,-2.487095260441108,FAILED_OR_PARTIAL
AKEUSDT,2026-02-05T14:00:00+00:00,0.0002469,6.196840826245431,7.128392061563393,86.93181818181816,0.8693181818181817,88268.9251164,1571677.5990133,35.7114385913899,3.967221393374565,18.307567127746125,2146,4.939957797813159,0.6570670295318244,7.9384366140137885,5.103280680437439,7.9384366140137885,4.374240583232081,7.9384366140137885,0.3645200486026789,7.9384366140137885,0.3645200486026789,FAILED_OR_PARTIAL
AKEUSDT,2026-04-07T23:05:00+00:00,0.0002418,1.3234077750206683,8.737060041407862,15.16587677725117,0.165876777251185,84790.000721,912270.0210718,84.22775934934634,48.79463904397576,5.629565964761496,1197,15.767288693743138,0.6505077430402632,2.2746071133167955,1.0752688172043,2.2746071133167955,-3.1844499586435093,2.2746071133167955,-3.1844499586435093,2.2746071133167955,-3.1844499586435093,FAILED_OR_PARTIAL
AKEUSDT,2026-06-24T07:10:00+00:00,0.0003563,3.957339320797093,9.438202247191008,41.96428571428576,0.4285714285714292,119435.1784074,1581626.9897103,62.42747153367974,60.6314988077888,11.015384615384626,1996,27.28018223234624,0.6821201942413,4.294134156609597,0.81392085321359,4.294134156609597,0.81392085321359,4.294134156609597,0.81392085321359,4.294134156609597,-1.8523715969688488,FAILED_OR_PARTIAL
AKEUSDT,2026-07-15T04:45:00+00:00,0.0001881,13.503455608718774,17.252396166134186,78.39506172839512,0.7932098765432098,571227.6537806,1807064.2154236,282.9119885847298,73.58524992310622,3.615758229897459,7634,47.53918007265179,0.5809798478672165,49.4949494949495,13.237639553429029,68.63370547581076,13.237639553429029,128.4954811270601,13.237639553429029,308.9845826687932,13.237639553429029,REAL_CONTINUATION
ALCHUSDT,2026-05-10T17:50:00+00:00,0.08211,10.705151625867735,10.963576562309662,97.66666666666649,0.9788888888888878,731373.07229,1371256.0392999991,663.9015932078061,148.93091182306165,3.296565555276998,6933,51.642458100558656,0.4646598688217067,36.28059919620021,5.45609548167092,36.28059919620021,5.45609548167092,36.28059919620021,5.45609548167092,36.28059919620021,5.45609548167092,REAL_CONTINUATION
ALCHUSDT,2026-05-20T19:05:00+00:00,0.07946,2.252705763906371,10.91504915553314,20.66974595842956,0.220554272517322,271419.33475,1101218.057559999,183.4492896614812,120.0478381546355,2.9340166559897574,2562,35.74883720930232,0.6240457995596057,2.65542411276114,-0.9312861817266648,2.65542411276114,-0.9312861817266648,2.65542411276114,-1.031965768940346,2.65542411276114,-1.031965768940346,FAILED_OR_PARTIAL
ALCHUSDT,2026-08-22T05:20:00+00:00,0.02633,0.3038359285985503,11.576923076923084,2.6578073089701046,0.1362126245847177,81920.00016,1199951.2674299998,45.8658446498034,2.603629240267199,38.65623561895997,1335,2.224382116078868,0.649511897901344,5.469046714774017,0.3038359285985503,5.469046714774017,0.3038359285985503,5.9627800987466895,0.3038359285985503,6.4944929737941415,0.3038359285985503,FAILED_OR_PARTIAL
ALPINEUSDT,2026-02-26T18:50:00+00:00,0.4381,3.3097466331887704,8.843069873997722,37.56476683937825,0.4170984455958547,584488.98765,1907180.63174,250.7994022846329,22.35714385232044,7.024390243902445,8999,21.79814291481631,0.5177890257895262,4.131476831773573,-3.0358365669938325,4.131476831773573,-3.4695275051358165,4.131476831773573,-3.4695275051358165,4.131476831773573,-3.4695275051358165,FAILED_OR_PARTIAL
APRUSDT,2026-02-08T15:10:00+00:00,0.08221,5.230507237562332,6.422576328913743,81.43939393939401,0.8143939393939401,377166.70714,1237601.58512,203.7663919073009,273.53772538647723,5.666041275797373,3582,57.312,0.5878057820138064,5.875197664517695,2.189514657584235,5.875197664517695,1.654299963508099,5.875197664517695,0.76633013015448,5.875197664517695,0.76633013015448,FAILED_OR_PARTIAL
APRUSDT,2026-03-06T06:40:00+00:00,0.10935,6.547782350251485,7.93024323083984,82.87037037037041,0.8750000000000002,639049.92596,1887487.71272,441.7707224478525,13.589665824469355,12.432816144407257,5653,7.348716282092948,0.5700555323009335,7.983539094650216,2.066758116140832,9.080932784636486,2.066758116140832,12.171925011431185,1.8289894833104725,12.171925011431185,1.8289894833104725,FAILED_OR_PARTIAL
APRUSDT,2026-03-13T05:20:00+00:00,0.11757,5.264948541294556,8.726838015540928,60.56751467710377,0.6506849315068487,503742.84775,1540266.01045,231.29912567597296,85.28190028640219,9.431524547803626,7013,39.714959886739024,0.6130830705973035,10.402313515352567,4.363357999489681,11.057242493833463,4.363357999489681,12.741345581355802,4.363357999489681,12.741345581355802,2.713277196563757,FAILED_OR_PARTIAL
APRUSDT,2026-05-18T01:05:00+00:00,0.13897,7.46923796502843,8.646697942980875,86.64440734557604,0.9015025041736238,500139.09923,1772702.3030899998,203.1675109476629,57.252440297106205,7.220351664796132,8969,40.75274517228323,0.5811812488315942,8.77887313808734,3.353241706843191,24.9622220623156,3.353241706843191,25.890479959703526,3.353241706843191,26.36540260487874,3.353241706843191,REAL_CONTINUATION
APRUSDT,2026-06-21T16:50:00+00:00,0.1944,5.092592592592604,6.124549665465762,83.19327731092459,0.8403361344537826,211761.1336,1972507.75763,58.88351524384444,70.84724027273391,4.170957775489192,2307,30.288840262582056,0.5373014342420389,5.915637860082312,3.1378600823045444,8.436213991769549,3.1378600823045444,8.436213991769549,3.1378600823045444,8.436213991769549,3.1378600823045444,FAILED_OR_PARTIAL
ARIAUSDT,2026-02-05T23:05:00+00:00,0.05888,1.5625,10.434042553191492,15.008156606851514,0.1712887438825453,190397.7652,1724839.62439,70.93012255026846,29.341297439151173,13.885462555066086,3240,12.08579421821573,0.6443516126417224,2.1059782608695565,-0.6793478260869623,2.1059782608695565,-2.1399456521739246,2.1059782608695565,-10.394021739130432,3.2269021739130377,-10.394021739130432,FAILED_OR_PARTIAL
ARIAUSDT,2026-07-18T17:45:00+00:00,0.02439,5.330053300533022,7.045735475896175,76.02339181286565,0.830409356725147,237441.28251,1135921.75967,195.36498622035924,9.860147518960128,9.816225907664734,4584,8.609798090467992,0.5031194082897897,12.997129971299714,3.1980319803198043,13.366133661336631,3.1980319803198043,13.366133661336631,3.1980319803198043,15.416154161541629,3.1980319803198043,FAILED_OR_PARTIAL
ARIAUSDT,2026-08-05T09:55:00+00:00,0.02964,5.465587044534415,6.106612685560053,89.50276243093946,0.8950276243093945,272404.53159,1172970.41585,150.13516533364174,20.75781428465808,11.177347242921009,4822,16.401360544217688,0.5532080631713399,5.3643724696356365,1.619433198380582,5.3643724696356365,-2.1929824561403577,5.3643724696356365,-4.385964912280693,5.3643724696356365,-5.668016194331981,FAILED_OR_PARTIAL
AVAAIUSDT,2025-12-31T12:45:00+00:00,0.00893,5.487122060470306,7.078651685393256,77.77777777777759,0.8253968253968244,275347.58158,1937806.7411,144.72445242173637,117.7221458183947,4.627539503386013,2449,59.48987854251013,0.5342679751383926,5.599104143337041,2.239641657334812,5.711086226203799,2.239641657334812,5.711086226203799,2.239641657334812,5.711086226203799,0.3359462486002051,FAILED_OR_PARTIAL
AVAAIUSDT,2026-02-13T16:40:00+00:00,0.00764,5.628272251308908,6.430446194225703,87.75510204081662,0.9183673469387786,143622.75833,1127356.95487,76.08765568777282,33.50624746283785,8.309859154929566,1299,6.436003303055326,0.7035373166126825,7.59162303664922,2.2251308900523625,7.59162303664922,2.0942408376963373,7.59162303664922,0.7853403141361293,7.59162303664922,-0.1308900523560252,FAILED_OR_PARTIAL
AVAAIUSDT,2026-06-02T11:40:00+00:00,0.006334,6.267761288285434,8.24644549763034,76.05363984674327,0.7681992337164758,131377.866529,1552111.9755010002,54.987637789539285,50.29165813119142,5.2545424783106975,2340,28.85919835560124,0.5847638580509438,10.372592358699071,5.320492579728442,10.372592358699071,4.720555730975673,10.372592358699071,3.410167350805171,10.372592358699071,0.347331859804223,FAILED_OR_PARTIAL
AVAAIUSDT,2026-06-22T13:30:00+00:00,0.005145,9.096209912536434,9.836065573770504,92.85714285714278,0.9702380952380948,153325.06189,732005.232203,135.75944622146474,62.92250172880443,2.5313971742543018,1476,29.818181818181817,0.5140412793672605,12.342079689018458,3.012633624878513,12.342079689018458,3.012633624878513,12.886297376093282,3.012633624878513,14.965986394557817,3.012633624878513,FAILED_OR_PARTIAL
AVAAIUSDT,2026-07-08T06:50:00+00:00,0.005264,5.509118541033442,10.266159695817478,53.7037037037038,0.5444444444444447,502591.605509,1782011.557554,284.5154832573523,24.37764028843417,9.35412026726059,6162,23.13642052565708,0.4445148139546461,9.061550151975696,3.571428571428581,9.061550151975696,2.887537993920985,9.061550151975696,-0.4559270516717228,9.061550151975696,-0.4559270516717228,FAILED_OR_PARTIAL
AZTECUSDT,2026-07-12T14:55:00+00:00,0.01384,7.008670520231219,7.8757225433526035,88.99082568807337,0.8899082568807337,325725.87452,784846.43551,472.2385918241826,343.8874100210835,2.1913805697589384,4077,103.65254237288136,0.5562422923478102,7.514450867052025,3.757225433526013,7.514450867052025,3.757225433526013,10.621387283237006,3.757225433526013,12.210982658959546,3.757225433526013,FAILED_OR_PARTIAL
AZTECUSDT,2026-07-19T22:15:00+00:00,0.01306,8.72894333843799,10.94946401225114,79.7202797202798,0.7972027972027981,910918.1671,1235923.22543,1647.9881076211925,1113.0263773132272,2.8682170542635665,8946,260.5631067961165,0.5744500708619142,12.327718223583473,5.053598774885137,12.327718223583473,5.053598774885137,12.327718223583473,4.211332312404292,12.327718223583473,3.751914241960175,FAILED_OR_PARTIAL
B2USDT,2026-08-26T06:10:00+00:00,0.4154,5.103514684641319,6.268081002892956,81.53846153846145,0.8384615384615371,234306.9705,1482590.3607,128.0274101098648,25.72069918471516,9.22470433639948,3692,18.9901414487784,0.6296623761775795,20.365912373615803,5.151661049590772,20.365912373615803,5.151661049590772,20.365912373615803,4.092441020702942,20.365912373615803,2.3110255175734284,REAL_CONTINUATION
BANUSDT,2026-05-07T12:00:00+00:00,0.06921,5.302701921687625,6.825741142443964,77.7542372881357,0.7902542372881347,377291.05154,1874580.31968,119.12525263941906,88.03741630244156,3.574555004377,3909,30.63879817112998,0.5815778864735065,6.458604247941047,4.233492269903194,6.458604247941047,4.031209362808852,6.458604247941047,4.031209362808852,6.458604247941047,4.031209362808852,FAILED_OR_PARTIAL
BANUSDT,2026-06-21T12:45:00+00:00,0.06494,9.655066214967656,12.850539291217268,75.1798561151079,0.756594724220623,666924.01834,1459222.54644,565.3267030220214,147.9693181259603,3.808049535603697,9029,109.44242424242424,0.6636611841505987,10.317215891592246,6.113335386510621,10.317215891592246,5.882352941176472,11.934093008931336,5.882352941176472,11.934093008931336,5.882352941176472,FAILED_OR_PARTIAL
BANUSDT,2026-07-13T14:05:00+00:00,0.06648,8.348375451263546,11.094339622641504,75.5102040816327,0.7863945578231288,535152.56328,1466605.22615,303.89698487280856,106.78215469847466,6.960873521383082,5586,60.01074306177261,0.4376108287226291,10.935619735258715,7.039711191335751,10.935619735258715,7.039711191335751,12.34957882069796,7.039711191335751,14.651022864019248,7.039711191335751,FAILED_OR_PARTIAL
BASUSDT,2026-08-18T14:25:00+00:00,0.025972,2.560449715077784,10.057758952637652,25.4594180704442,0.2553598774885149,220176.566464,1334116.044554,127.26569810307096,182.60893147667576,3.382138205927632,3058,40.45865490628446,0.6728949475566658,2.9647312490374222,1.0434313876482415,2.9647312490374222,0.6776528569228502,3.068689357769916,0.6776528569228502,3.773294316956721,0.6776528569228502,FAILED_OR_PARTIAL
BELUSDT,2026-02-22T10:20:00+00:00,0.0941,7.438894792773643,9.275053304904056,80.45977011494244,0.8390804597701151,540545.2402,1669571.5293,346.6138978295963,14.241232590381696,6.10021786492374,4159,12.137159533073929,0.502864309191636,28.161530286928805,7.013815090329434,28.161530286928805,7.013815090329434,28.161530286928805,7.013815090329434,28.161530286928805,7.013815090329434,REAL_CONTINUATION
BELUSDT,2026-04-14T04:10:00+00:00,0.1013,8.193484698914123,9.090909090909085,90.21739130434784,0.91304347826087,507339.4363,1798714.4258,171.76282751572185,85.6954916280722,3.733602421796167,4445,48.09738503155996,0.4715894493534368,12.142152023692,1.5794669299111552,12.142152023692,1.0858835143139125,12.142152023692,1.0858835143139125,12.142152023692,1.0858835143139125,FAILED_OR_PARTIAL
BIRBUSDT,2026-06-28T13:05:00+00:00,0.06535,6.166794185156843,6.443694384780607,95.95238095238086,1.0,287382.64094,1794541.53068,131.58445605887064,9.434241856169963,9.164198749588692,3252,7.611468695143358,0.5892442008539919,9.563886763580708,-0.321346595256311,9.563886763580708,-0.581484315225711,9.563886763580708,-2.7697016067329883,9.563886763580708,-5.340474368783488,FAILED_OR_PARTIAL
BIRBUSDT,2026-07-02T01:30:00+00:00,0.05897,7.681872138375434,8.037383177570101,95.77167019027486,0.9830866807611,401634.22422,1558808.84244,200.3904202871066,27.49102569098844,14.247619047619043,5328,18.18947368421053,0.5859718101888802,14.922842123113432,1.9671019162285968,14.922842123113432,1.9671019162285968,14.922842123113432,1.9671019162285968,85.21282007800575,1.9671019162285968,REAL_CONTINUATION
BLESSUSDT,2026-02-11T16:20:00+00:00,0.004923,8.937639650619534,9.79077798090595,91.28630705394184,0.9128630705394184,173832.121968,1770839.033488,69.57293752084558,6.824217234334663,10.505230358335194,3513,6.332582244254168,0.6157574800916499,17.306520414381453,-3.1281738777168444,25.06601665651025,-3.1281738777168444,25.939467804184435,-3.1281738777168444,29.534836481820022,-3.1281738777168444,REAL_CONTINUATION
BLESSUSDT,2026-04-09T12:20:00+00:00,0.005788,5.321354526606781,6.294310911291712,84.6153846153847,0.8598901098901103,238515.607365,1838435.539913,87.41467092949577,75.31458525255114,5.587188612099636,2387,29.74454828660436,0.5968707241624746,7.290946786454744,3.1098825155494225,7.619212163096067,3.1098825155494225,8.033863165169318,3.1098825155494225,8.033863165169318,3.1098825155494225,FAILED_OR_PARTIAL
BLUAIUSDT,2026-03-10T20:20:00+00:00,0.004968,8.81642512077294,11.097683786505552,79.49183303085296,0.800362976406534,647489.912464,1148513.7120759962,896.2736007944617,464.7028668214994,6.531624638280276,7553,122.6468200270636,0.5654153850796169,24.79871175523349,8.232689210950085,26.02657004830917,8.232689210950085,29.00563607085345,8.232689210950085,29.00563607085345,8.232689210950085,REAL_CONTINUATION
BLUAIUSDT,2026-03-22T13:10:00+00:00,0.006513,7.247044372792888,8.07816587167256,89.90476190476188,0.9257142857142858,317726.069727,1479602.3629579963,181.28072600010128,11.14221799757377,7.867694283879256,4054,9.723765740555669,0.5052544017994319,12.774451097804397,4.467987102717652,12.774451097804397,4.467987102717652,12.774451097804397,4.467987102717652,40.4575464455704,4.467987102717652,REAL_CONTINUATION
BNCUSDT,2026-07-21T20:10:00+00:00,3.1,12.290322580645151,12.419354838709662,98.96103896103897,0.9896103896103896,67245.53839,738170.96986,155.2966504620122,21.006494383220133,7.199177236887211,492,11.879275653923544,0.964197217278016,12.645161290322582,12.290322580645151,12.645161290322582,12.290322580645151,12.645161290322582,-1.5806451612903172,12.645161290322582,-1.5806451612903172,FAILED_OR_PARTIAL
BNCUSDT,2026-07-28T08:00:00+00:00,2.721,5.549430356486584,7.794117647058818,71.22641509433961,0.7169811320754711,352238.31119,1444018.12954,381.8669952092992,10.521335681657924,10.635924135366317,6127,12.689678978253363,0.7032732483389011,5.8066887173833015,4.1161337743476745,5.8066887173833015,4.1161337743476745,5.953693495038581,4.1161337743476745,5.953693495038581,4.1161337743476745,FAILED_OR_PARTIAL
BNCUSDT,2026-07-31T15:35:00+00:00,2.638,5.38286580742986,5.839969662495248,92.2077922077922,0.9285714285714276,95486.59825,647641.55952,221.7261604102765,27.507479278267844,6.465517241379315,1476,22.335435056746533,0.6661551829866346,5.837755875663375,2.9946929492039587,5.913570887035635,2.9946929492039587,6.368460955269151,2.9946929492039587,6.747536012130406,1.2130401819560266,FAILED_OR_PARTIAL
BMTUSDT,2026-03-11T18:55:00+00:00,0.01625,4.123076923076918,9.068476249228883,45.57823129251696,0.4829931972789122,667711.08041,1615105.589319999,465.1365044732335,29.233697948503664,8.774279973208298,13681,28.72148355493352,0.520507190230529,9.16923076923075,-3.4461538461538543,9.16923076923075,-3.507692307692312,9.16923076923075,-4.553846153846164,9.16923076923075,-4.738461538461536,FAILED_OR_PARTIAL
BMTUSDT,2026-03-14T18:20:00+00:00,0.01677,4.830053667262968,13.209802749551702,36.65158371040715,0.3846153846153846,847518.79347,1719834.7168299991,648.8488531806807,45.399095462383606,7.9132099553286706,17126,36.83010752688172,0.5098793519500832,10.733452593917717,-2.564102564102566,10.733452593917717,-4.114490161001783,10.733452593917717,-4.114490161001783,10.733452593917717,-4.114490161001783,FAILED_OR_PARTIAL
BMTUSDT,2026-04-02T16:00:00+00:00,0.01477,8.192281651997302,9.355932203389816,87.68115942028997,0.8913043478260888,187655.11835,1496314.6325399992,70.06885366236585,11.198483091613191,9.663250366032216,4996,7.360589318600368,0.566925121869451,27.014218009478675,5.213270142180093,27.014218009478675,2.5727826675693954,27.014218009478675,2.5727826675693954,27.014218009478675,-0.6093432633716978,REAL_CONTINUATION
BNTUSDT,2026-03-31T07:50:00+00:00,0.286,5.384615384615388,8.301225919439581,64.9789029535866,0.6708860759493682,504393.5173,976575.1518,663.3440958920665,89.45562480944366,3.8029699384281024,12041,64.04787234042553,0.5678424271453261,6.048951048951068,-1.5734265734265729,6.048951048951068,-2.7622377622377514,6.048951048951068,-2.7622377622377514,6.048951048951068,-3.356643356643352,FAILED_OR_PARTIAL
BNTUSDT,2026-04-19T15:30:00+00:00,0.3088,6.994818652849744,10.23391812865495,68.57142857142865,0.7174603174603184,523567.2134,1396062.8438,298.3797400918943,197.07523631006623,2.2928267278087056,10151,130.55948553054662,0.5317045962297836,26.29533678756477,1.7163212435233,26.29533678756477,0.0,26.29533678756477,0.0,26.29533678756477,0.0,REAL_CONTINUATION
BOTUSDT,2026-07-14T15:15:00+00:00,34.78,5.319148936170226,5.848458657447431,91.1330049261084,0.9458128078817736,257143.1375,1691881.2088,164.2581771167529,16.874343797766787,11.615360203110114,3022,13.461024498886417,0.7212599235707777,5.290396779758466,2.501437607820578,5.290396779758466,2.501437607820578,6.440483036227729,2.386428982173649,6.440483036227729,2.386428982173649,FAILED_OR_PARTIAL
BOTUSDT,2026-07-21T20:05:00+00:00,28.57,8.120406020301019,8.120406020301019,100.0,1.0,55096.4846,1635847.0302,28.04702712450379,8.01106257291341,5.25349008082292,633,5.95764705882353,0.9284280906735018,11.690584529226468,8.120406020301019,11.690584529226468,8.120406020301019,11.690584529226468,-5.005250262513128,11.690584529226468,-5.005250262513128,FAILED_OR_PARTIAL
BRETTUSDT,2026-03-23T11:05:00+00:00,0.006376,5.708908406524471,6.273525721455453,91.00000000000011,0.9100000000000013,264986.371878,1695618.089489,88.42585983361712,54.15808631421938,5.083135391923999,3153,34.87188940092166,0.5179242881863629,7.543914680050201,3.575909661229604,7.543914680050201,1.4429109159347586,7.543914680050201,1.4429109159347586,7.543914680050201,1.4429109159347586,FAILED_OR_PARTIAL
BRETTUSDT,2026-06-07T22:10:00+00:00,0.005529,5.190812081750762,5.304127443881246,97.95221843003416,0.996587030716723,89787.666468,1326026.474513,34.30793788072213,22.1357376276297,4.748391978811961,944,8.85,0.6721262551411562,6.3845179960209775,2.803400253210331,6.3845179960209775,2.007596310363536,6.3845179960209775,2.007596310363536,6.3845179960209775,0.7415445831072676,FAILED_OR_PARTIAL
BRUSDT,2025-10-10T21:20:00+00:00,0.0589,27.33446519524618,57.57407407407407,51.78513991637181,0.6754583467352846,91929.51404,1528076.76603,53.23569750177125,1.9153734797065656,26.749320652173903,2779,4.9463067339068525,0.5597750946187859,21.06960950764005,-25.22920203735144,21.06960950764005,-25.22920203735144,22.85229202037351,-25.22920203735144,22.85229202037351,-25.22920203735144,FAILED_OR_PARTIAL
BRUSDT,2025-12-28T12:10:00+00:00,0.0637,6.734693877551012,9.190887666928528,73.33333333333303,0.7418803418803402,501159.95763,801072.8500099999,773.4464818580169,139.4756298867472,2.2421524663676973,6233,94.20151133501258,0.4265377689009603,17.394034536891656,5.180533751962324,17.394034536891656,-5.808477237048681,17.394034536891656,-7.0172684458398855,17.394034536891656,-7.0172684458398855,FAILED_OR_PARTIAL
BRUSDT,2026-03-14T13:05:00+00:00,0.05691,5.2890528905289,8.601583113456467,61.55419222903876,0.6278118609406953,213775.06999,568228.2173900001,354.0560697102759,382.9228970407746,4.405922715781885,3070,95.68831168831169,0.5791230967473955,8.856088560885599,3.162888771744843,8.856088560885599,3.0926023545949644,8.856088560885599,3.0926023545949644,8.856088560885599,3.0926023545949644,FAILED_OR_PARTIAL
BRUSDT,2026-03-21T06:05:00+00:00,0.05627,8.867958059356674,22.10769504176291,40.11254019292608,0.4011254019292607,907762.84685,1724304.8482,959.9279320841486,2654.767815142936,6.510177883733714,9313,238.28571428571428,0.6055682292985882,12.457792784787625,7.2152123689354974,12.457792784787625,7.144126532788353,15.514483739114992,5.900124400213258,15.97654167407143,5.900124400213258,FAILED_OR_PARTIAL
BRUSDT,2026-06-16T05:30:00+00:00,0.11245,8.056914184081831,8.66232956064521,93.20987654321009,0.9567901234567912,265980.84723,1164627.41898,145.07809431906608,94.00933543811084,4.151149059860115,2633,42.41073825503356,0.5879616314432174,27.95020008892844,7.82570031124945,39.78657180969321,7.82570031124945,41.28056914184084,7.82570031124945,53.23254779902178,7.82570031124945,REAL_CONTINUATION
BROCCOLIF3BUSDT,2025-12-12T16:15:00+00:00,0.005415,7.442289935364732,8.00517655758921,93.0715935334874,0.944572748267899,188065.284061,1357038.566245,92.81213429602452,19.353567507625208,6.9039702718560525,2350,8.859566446748351,0.5714087779493852,8.23638042474608,-0.8864265927977732,8.23638042474608,-0.8864265927977732,8.23638042474608,-5.447830101569695,8.23638042474608,-5.447830101569695,FAILED_OR_PARTIAL
BROCCOLIF3BUSDT,2026-01-04T13:10:00+00:00,0.006489,7.258437355524738,12.671708597005704,57.36906211936665,0.5858708891595613,211131.42399,1304118.827427,106.6424382503231,17.01097179276373,12.726390685640345,3733,10.63785324151033,0.5417912334045448,10.972414855910008,3.205424564647874,10.972414855910008,2.542764678687015,10.972414855910008,1.5564801972568931,18.26167360147944,1.5564801972568931,FAILED_OR_PARTIAL
BROCCOLIF3BUSDT,2026-01-10T02:55:00+00:00,0.006411,5.1941974730931095,7.581903276131041,68.51851851851846,0.6872427983539092,176225.21676,1737795.8615690002,63.24634259156288,61.07133427860087,6.642587939698497,2076,22.30259623992838,0.4911750263577885,7.299953205428156,2.9480580252690736,7.299953205428156,2.0433629698954903,7.299953205428156,1.6222118234284766,7.299953205428156,0.0,FAILED_OR_PARTIAL
BROCCOLIF3BUSDT,2026-01-19T15:50:00+00:00,0.005334,5.605549306336699,12.099043331457526,46.35658914728675,0.4682170542635657,292552.527276,1854986.365734,128.9776205891406,126.20376001101236,5.50028158438145,3779,14.834151128557409,0.5855093603905168,7.91151106111736,3.1683539557555207,7.91151106111736,2.324709411323589,7.91151106111736,2.287214098237711,7.91151106111736,2.287214098237711,FAILED_OR_PARTIAL
BROCCOLIF3BUSDT,2026-01-21T03:10:00+00:00,0.005082,2.91223927587565,9.653270291568171,30.20408163265318,0.3142857142857153,181347.297171,1155480.792891,133.39645091646972,140.89659347228138,8.191268191268186,4267,74.42441860465117,0.534774079536204,4.840613931523041,1.5741833923652138,4.840613931523041,1.5741833923652138,4.840613931523041,1.416765053128688,4.840613931523041,1.416765053128688,FAILED_OR_PARTIAL
BROCCOLIF3BUSDT,2026-02-23T16:40:00+00:00,0.003405,-1.997063142437594,12.895377128953768,16.037735849056588,0.115566037735849,238507.975087,510766.813141,643.2043960695581,482.593465842079,3.580941106836333,4091,106.72173913043476,0.3493060034139754,2.05580029368575,-1.9383259911894268,2.05580029368575,-2.026431718061672,2.05580029368575,-2.613803230543321,2.05580029368575,-3.054331864904547,FAILED_OR_PARTIAL
BROCCOLIF3BUSDT,2026-02-25T11:50:00+00:00,0.004027,5.562453439284809,6.864702945581636,81.4545454545452,0.8909090909090891,353338.385811,1896519.730706,590.0242328604811,3.392692577913188,22.812221892613472,7550,3.507277794982967,0.5326523133115554,6.034268686367028,-8.914824931710964,6.034268686367028,-8.914824931710964,6.034268686367028,-8.914824931710964,6.034268686367028,-11.522224981375718,FAILED_OR_PARTIAL
BROCCOLIF3BUSDT,2026-04-05T08:35:00+00:00,0.003472,5.126728110599088,7.351225204200706,70.6349206349207,0.8809523809523807,145210.678589,1075060.961116,175.09091583040512,5.8206442577407165,10.207939508506602,2929,5.257741211667913,0.4030924386192767,38.59447004608296,4.176267281106005,38.59447004608296,4.176267281106005,38.59447004608296,4.176267281106005,38.59447004608296,3.686635944700467,REAL_CONTINUATION
BROCCOLIF3BUSDT,2026-04-17T08:20:00+00:00,0.005311,3.5774807004330667,12.671813217849737,28.23179791976227,0.2823179791976227,256503.903429,1872033.143475,87.5308421332989,67.30636703199308,8.674652241112813,4952,42.025459688826025,0.4979897432607971,6.43946526077952,-2.579551873470154,6.43946526077952,-2.579551873470154,6.43946526077952,-2.579551873470154,12.257578610431196,-2.579551873470154,FAILED_OR_PARTIAL
BROCCOLIF3BUSDT,2026-05-06T09:40:00+00:00,0.004495,3.515016685205796,10.23359288097887,34.34782608695653,0.3434782608695653,313210.663735,1140627.665069,200.4511081382055,60.88086247385504,3.079343672735435,6098,61.081803005008354,0.4892387538204902,5.383759733036708,1.7352614015572865,5.383759733036708,1.7352614015572865,5.383759733036708,1.7352614015572865,5.383759733036708,1.7352614015572865,FAILED_OR_PARTIAL
BROCCOLIF3BUSDT,2026-05-08T13:30:00+00:00,0.004608,2.777777777777768,12.097476066144464,23.02158273381288,0.2517985611510782,138152.97059,1140787.607026,75.92832847910262,69.82515209739402,3.458980044345905,1709,28.80337078651685,0.6128106589343805,4.275173611111116,1.5625,4.275173611111116,1.5625,4.275173611111116,1.171875,12.912326388888884,1.171875,FAILED_OR_PARTIAL
BROCCOLIF3BUSDT,2026-05-08T17:05:00+00:00,0.004702,7.975329646958751,10.655040408336893,74.85029940119759,0.7485029940119758,352734.313192,1610203.4776519998,185.1871926222325,142.23403081093286,14.05800309940226,7459,116.24415584415584,0.5497393028629173,10.931518502764792,6.337728626116568,10.931518502764792,5.487026797107619,10.931518502764792,5.487026797107619,10.931518502764792,5.487026797107619,FAILED_OR_PARTIAL
BROCCOLIF3BUSDT,2026-05-22T02:30:00+00:00,0.005763,4.390074613916362,11.248261474269828,39.10355486862438,0.4080370942812975,224299.734419,1871763.908616,81.75222478564692,48.15613918823983,5.685557586837287,4409,32.639111659469464,0.627823860950017,6.888773208398402,3.314246052403269,6.888773208398402,3.314246052403269,10.619469026548668,3.314246052403269,11.920874544508075,3.314246052403269,FAILED_OR_PARTIAL
BROCCOLIF3BUSDT,2026-05-30T03:50:00+00:00,0.005411,6.117168730364075,6.340110905730145,96.50145772594732,0.9679300291545172,106598.387308,651250.048442,95.32360731198216,18.898248100463817,11.250000000000004,2537,10.780453257790368,0.5316787047185147,6.967288856033993,2.199223803363526,6.967288856033993,0.5174644243208348,6.967288856033993,0.5174644243208348,6.967288856033993,0.5174644243208348,FAILED_OR_PARTIAL
BROCCOLIF3BUSDT,2026-06-04T02:05:00+00:00,0.004646,6.177356866121397,9.918984015765275,63.355408388520914,0.8079470198675491,78795.934161,1004733.158904,37.77237316064927,7.327431719238293,21.022476862053765,1179,4.077233429394813,0.5053969668997272,9.98708566508826,4.928971157985362,10.848041325871716,4.928971157985362,11.5368058544985,4.928971157985362,12.699095996556188,4.928971157985362,FAILED_OR_PARTIAL
BROCCOLIF3BUSDT,2026-06-07T20:15:00+00:00,0.00481,3.097713097713095,9.472799831968072,33.03769401330373,0.439024390243903,139519.113197,1101356.232611,71.78620479361496,12.814960818147572,10.860838537020513,2504,7.802648662685017,0.5415278168899986,8.108108108108091,1.8918918918918948,17.442827442827458,1.8918918918918948,17.442827442827458,1.8918918918918948,17.442827442827458,1.8918918918918948,FAILED_OR_PARTIAL
BROCCOLIF3BUSDT,2026-06-15T12:40:00+00:00,0.004874,6.360279031596239,7.223476297968401,88.06818181818196,0.8835227272727291,154536.551281,887488.757142,93.6777311892619,47.66242402545485,3.8081211866189735,2657,28.724324324324325,0.641157765471514,11.85884283955685,5.662700041034063,11.85884283955685,5.662700041034063,11.85884283955685,5.662700041034063,11.85884283955685,5.662700041034063,FAILED_OR_PARTIAL
BROCCOLIF3BUSDT,2026-07-01T06:30:00+00:00,0.005626,7.28759331674369,9.735146743020762,75.36764705882347,0.8235294117647048,353639.928166,1507248.3491890002,429.7682220048094,6.361152112297503,20.059498512537168,5903,6.134580410496233,0.5409384169940342,15.517241379310342,-10.415926057589752,15.517241379310342,-10.415926057589752,15.517241379310342,-10.415926057589752,15.517241379310342,-10.415926057589752,FAILED_OR_PARTIAL
BROCCOLIF3BUSDT,2026-07-08T22:55:00+00:00,0.005713,6.949063539296341,14.790827936285655,46.98224852071007,0.4698224852071007,334235.534802,1308889.02421,154.13545599205665,64.79533935382838,8.61912538559244,4853,46.182394924662965,0.5677170776961462,7.824260458603183,2.258008051811644,7.824260458603183,2.22300017503938,7.824260458603183,-0.175039383861375,7.824260458603183,-3.623315245930348,FAILED_OR_PARTIAL
BROCCOLIF3BUSDT,2026-07-27T14:30:00+00:00,0.005721,5.243838489774522,6.160308015400773,85.22727272727273,0.8721590909090912,157972.522327,1372034.142493,57.97624108377786,28.351746484119328,5.758017492711387,2073,13.873954266592303,0.6538721910522122,13.966089844432773,3.9153994056982944,15.36444677503932,3.9153994056982944,30.2045097011012,3.9153994056982944,69.23614752665617,3.9153994056982944,REAL_CONTINUATION
BTRUSDT,2025-12-04T15:00:00+00:00,0.03322,5.99036724864539,6.353507979524231,94.31279620853104,0.9478672985781994,99671.71664,1680439.69871,44.13863752882427,7.817830847235112,10.114140773620782,1268,7.163841807909605,0.6483061351636012,9.993979530403374,-1.7158338350391378,9.993979530403374,-1.7158338350391378,9.993979530403374,-1.7158338350391378,9.993979530403374,-2.618904274533418,FAILED_OR_PARTIAL
BTRUSDT,2025-12-16T10:05:00+00:00,0.02591,6.715553840216137,9.097948122338371,74.0425531914894,0.7744680851063834,137271.89259,1301376.11224,98.46482711030208,20.935207943356502,13.338926174496637,2025,13.949483352468429,0.6864501057870932,7.6804322655345425,1.9683519876495523,7.6804322655345425,1.9683519876495523,7.6804322655345425,1.04206869934389,7.6804322655345425,-1.9683519876495523,FAILED_OR_PARTIAL
BTRUSDT,2026-01-05T04:40:00+00:00,0.0357,5.658263305322109,7.690148751052472,73.72262773722608,0.7627737226277355,291148.31486,1421361.2158,156.1104284216929,37.60246722552856,11.026033690658489,4511,26.7980198019802,0.5962721035272971,8.65546218487394,3.52941176470587,8.65546218487394,1.0364145658263269,8.65546218487394,-1.9327731092437013,8.65546218487394,-3.2773109243697585,FAILED_OR_PARTIAL
BTRUSDT,2026-01-15T07:15:00+00:00,0.03611,3.849349210744936,11.249653643668612,34.23645320197032,0.3472906403940889,199192.41483,1184883.83944,137.0502342155223,129.48659362801882,10.486364914253588,2211,42.31578947368421,0.6058103404338351,5.234007200221535,3.517031293270545,8.834117972860689,3.517031293270545,8.834117972860689,3.517031293270545,9.30490168928273,3.517031293270545,FAILED_OR_PARTIAL
BTRUSDT,2026-08-11T04:35:00+00:00,0.02204,12.06896551724137,14.675147660154476,82.35294117647057,0.8328173374613007,428769.12811,1879114.56433,166.28468036275638,84.25789346974196,6.309297912713463,7462,39.70909090909091,0.5498533511711136,45.689655172413794,11.842105263157876,51.27041742286751,11.842105263157876,52.63157894736843,11.842105263157876,54.12885662431941,11.842105263157876,REAL_CONTINUATION
BTRUSDT,2026-08-20T14:20:00+00:00,0.02816,5.184659090909083,7.104795737122549,73.00000000000003,0.7350000000000002,256113.19405,1967902.89959,73.36373860157639,33.41884059457805,9.246088193456623,4896,19.24402227317393,0.5975567678880385,6.889204545454541,4.794034090909083,6.889204545454541,4.794034090909083,7.0667613636363535,4.794034090909083,11.505681818181811,4.794034090909083,FAILED_OR_PARTIAL
BULLAUSDT,2025-10-10T21:20:00+00:00,0.03772,30.01060445387065,127.50665483584736,39.38761308281143,0.9220598469032708,303527.69547,1728688.37324,168.59310527726225,9.570350347288889,57.55968169761274,2420,4.059835034251363,0.7350259919594414,49.65535524920468,11.479321314952283,49.65535524920468,11.479321314952283,49.65535524920468,11.479321314952283,49.65535524920468,11.479321314952283,REAL_CONTINUATION
BULLAUSDT,2025-11-28T10:45:00+00:00,0.03556,3.4589426321709915,8.661417322834652,39.93506493506501,0.39935064935065,107296.51998,575204.88342,101.84979510939296,130.1229302237467,4.328751096811945,2348,52.37174721189591,0.6645774936903037,9.251968503937016,2.502812148481448,9.251968503937016,0.9561304836895436,9.251968503937016,0.9561304836895436,9.251968503937016,-0.9842519685039464,FAILED_OR_PARTIAL
BULLAUSDT,2025-12-06T17:25:00+00:00,0.03287,6.419227258898674,7.680585187442857,83.73015873015845,0.8611111111111099,50455.43866,622788.63182,49.55819400019175,12.00366071712378,10.946257830530826,1711,11.4130072262368,0.4694794553194357,19.31852753270458,5.719501064800725,19.31852753270458,5.719501064800725,19.31852753270458,5.719501064800725,19.957407970794016,5.719501064800725,FAILED_OR_PARTIAL
BULLAUSDT,2025-12-28T00:00:00+00:00,0.0373,11.930294906166218,15.130341306100515,79.04085257548846,0.8063943161634103,628663.65959,1858558.25778,485.6503160942046,45.330384215523154,18.052930056710803,8943,33.28660049627791,0.5406541542924052,12.171581769437,-2.037533512064338,12.171581769437,-2.037533512064338,12.171581769437,-2.037533512064338,12.171581769437,-2.037533512064338,FAILED_OR_PARTIAL
BULLAUSDT,2026-01-23T12:35:00+00:00,0.02899,4.6912728527078285,8.477508650519038,55.510204081632565,0.5918367346938764,213889.05563,984843.95045,171.74668249771926,10.473696737725046,10.051546391752586,3396,9.459610027855152,0.5285535388756161,6.933425319075548,3.4839599862021453,6.933425319075548,2.035184546395308,6.933425319075548,1.3452914798206317,6.933425319075548,-0.7243877199034077,FAILED_OR_PARTIAL
BULLAUSDT,2026-01-27T12:10:00+00:00,0.03113,5.107613234821717,6.491002570694104,78.71287128712842,0.7920792079207907,98669.4944,1633474.74604,38.87939865150171,8.597408561719655,4.189671971419284,1633,6.787668860408728,0.6926129845457079,8.769675554127843,1.1243173787343297,8.769675554127843,1.1243173787343297,10.279473176999666,1.1243173787343297,10.279473176999666,1.1243173787343297,FAILED_OR_PARTIAL
BULLAUSDT,2026-06-10T15:50:00+00:00,0.004816,6.02159468438539,7.141369977097667,84.5481049562682,0.8833819241982506,217351.662689,1799666.822469,57.865909398355605,44.93709397585618,4.033613445378137,2657,12.430409356725146,0.5592030969273614,7.350498338870426,4.152823920265769,7.350498338870426,1.4950166112956742,7.350498338870426,0.7059800664451776,7.350498338870426,0.0830564784053189,FAILED_OR_PARTIAL
BULLAUSDT,2026-06-21T07:55:00+00:00,0.004682,6.727894062366491,7.605212561418484,88.48314606741565,0.8876404494382019,318822.346643,1582263.0666490002,120.73477964531769,65.92446165767385,3.804468038044684,5257,40.93705386112914,0.5132866837820603,37.52669799231096,6.749252456215271,38.82956001708671,6.749252456215271,38.82956001708671,6.749252456215271,38.82956001708671,6.749252456215271,REAL_CONTINUATION
BULLAUSDT,2026-06-29T06:15:00+00:00,0.006285,2.0047732696897524,8.815075055892674,22.8260869565218,0.269927536231884,120744.647121,1744184.870851,32.27902939778935,28.487130086858205,9.013693881088592,1447,9.598673300165837,0.6608637401791857,2.991249005568819,1.161495624502784,2.991249005568819,1.1296738265712092,3.3890214797136053,0.7159904534606243,6.93715194908513,0.7159904534606243,FAILED_OR_PARTIAL
CHILLGUYUSDT,2026-03-23T11:05:00+00:00,0.00795,5.157232704402492,6.92695214105794,74.54545454545432,0.7636363636363639,175129.70719,1171835.27411,89.78208480219433,111.82377164126385,5.655526992287929,1851,44.33532934131737,0.5169754221753747,5.40880503144654,3.018867924528279,5.40880503144654,2.515723270440229,5.40880503144654,2.515723270440229,5.660377358490543,2.515723270440229,FAILED_OR_PARTIAL
CHILLGUYUSDT,2026-07-03T20:30:00+00:00,0.009656,7.0215410107705045,7.962213225371117,88.39634941329851,0.9139504563233376,414835.243324,1756229.662779,209.85966466753607,125.25975077110756,6.425573135292195,5410,70.18378378378378,0.6970687148901419,11.692212096106047,6.120546810273408,11.743993371996677,6.120546810273408,11.743993371996677,6.120546810273408,11.743993371996677,6.120546810273408,FAILED_OR_PARTIAL
CHILLGUYUSDT,2026-07-24T19:35:00+00:00,0.009907,13.525789845563764,31.625745175305653,42.811501597444106,0.4313099041533547,1207673.859593,1784851.000498,1117.5397638920035,969.2643338368392,5.84896097313734,24155,450.79315707620526,0.538195220722957,14.131422226708402,5.036842636519645,14.131422226708402,4.249520541031604,16.614514989401453,4.249520541031604,16.614514989401453,4.249520541031604,FAILED_OR_PARTIAL
CLANKERUSDT,2026-03-23T11:05:00+00:00,25.7,5.369649805447474,5.447470817120625,98.57142857142836,0.9857142857142835,128310.0042,726501.9994999925,127.19053038726992,165.06333869632888,3.38316286388669,1466,59.63389830508475,0.4969775388722183,6.459143968871595,4.046692607003899,6.459143968871595,2.529182879377445,6.459143968871595,2.529182879377445,6.459143968871595,2.529182879377445,FAILED_OR_PARTIAL
CLANKERUSDT,2026-06-16T20:30:00+00:00,16.07,5.102675793403866,5.227131300560051,97.61904761904768,0.9761904761904768,85550.5639,1406639.1479999926,30.391799184961616,14.634162987972257,5.889967637540461,1046,11.752808988764045,0.5929244167144526,11.07654013690107,4.791537025513382,11.07654013690107,2.0535158680771604,11.07654013690107,1.555693839452399,11.07654013690107,1.555693839452399,FAILED_OR_PARTIAL
COLLECTUSDT,2026-08-05T14:10:00+00:00,0.05282,1.8174933737220789,11.702329104336307,15.533980582524318,0.1569579288025888,288355.31155,1554714.97096,107.85721909641018,60.61289758594139,5.713736052327811,3917,22.340304182509502,0.4411590381540173,3.3699356304430106,1.400984475577438,3.3699356304430106,-1.5145778114350694,3.3699356304430106,-3.06702006815599,3.710715638015905,-3.06702006815599,FAILED_OR_PARTIAL
CRWDUSDT,2026-07-06T13:30:00+00:00,190.2,5.14721345951632,5.796336377553701,89.16211293260501,0.9617486338797824,342896.4691,1341683.323,371.6601191199748,75.89723445525195,3.0628920870894527,2360,40.63127690100431,0.6286564876733518,9.211356466876984,4.463722397476344,10.25762355415354,4.463722397476344,10.25762355415354,4.463722397476344,10.25762355415354,4.463722397476344,FAILED_OR_PARTIAL
CROSSUSDT,2026-06-14T14:45:00+00:00,0.09096,5.343007915567277,7.61684303350969,70.33285094066576,0.7380607814761226,204488.46478,765795.1944600005,254.97799332246663,71.05506765332595,4.817127564674406,3257,33.433704020530364,0.4775765789286297,6.904133685136316,4.023746701846953,7.12401055408971,4.023746701846953,8.333333333333348,4.023746701846953,8.333333333333348,4.023746701846953,FAILED_OR_PARTIAL
CROSSUSDT,2026-08-14T07:00:00+00:00,0.1061,7.9359095193213935,9.179019384264532,87.1635610766045,0.9606625258799166,226100.96407,1673213.1132700006,105.74233552736676,8.683973520243352,10.549943883277212,3370,5.34355179704017,0.4604228810265948,8.680490103675776,2.375117813383598,8.680490103675776,2.32799245994344,8.680490103675776,2.32799245994344,19.132893496701243,2.32799245994344,FAILED_OR_PARTIAL
CUSDT,2026-07-10T15:20:00+00:00,0.07132,5.286034772854742,5.412226584408297,97.66839378238362,0.976683937823836,484015.18,1692053.84689,236.0920890456213,21.67821244161268,10.2966036575995,15051,18.83729662077597,0.5140233859194251,5.916993830622541,-0.9113853056646026,5.916993830622541,-0.9113853056646026,5.916993830622541,-0.9113853056646026,5.916993830622541,-4.066180594503644,FAILED_OR_PARTIAL
CTSIUSDT,2026-02-16T19:25:00+00:00,0.0274,5.8394160583941535,7.664233576642321,76.1904761904763,0.7619047619047631,550242.3476,1433020.9844999998,585.3360847614606,239.7362074697482,4.1198501872659055,3673,83.79467680608364,0.5604904586954769,6.204379562043805,-1.094890510948909,6.204379562043805,-1.094890510948909,6.204379562043805,-1.094890510948909,6.204379562043805,-1.094890510948909,FAILED_OR_PARTIAL
CTSIUSDT,2026-03-07T11:05:00+00:00,0.0236,7.203389830508478,10.593220338983066,67.99999999999994,0.6799999999999995,612107.8085,1425675.1452,686.1304039155901,405.2480431812336,2.1186440677966045,6223,174.4766355140187,0.5080220839888208,8.05084745762712,-0.8474576271186418,8.05084745762712,-0.8474576271186418,8.05084745762712,-1.2711864406779627,8.05084745762712,-1.2711864406779627,FAILED_OR_PARTIAL
CTSIUSDT,2026-08-26T19:35:00+00:00,0.02592,5.208333333333326,5.401234567901248,96.42857142857132,0.9642857142857132,238353.92232,1834325.8723,69.23164665011605,27.713305151259352,3.767660910518056,3680,24.397790055248617,0.6441953276265263,7.638888888888906,2.893518518518512,7.638888888888906,-1.2345679012345625,7.638888888888906,-1.736111111111105,7.638888888888906,-1.736111111111105,FAILED_OR_PARTIAL
CYSUSDT,2026-06-11T00:35:00+00:00,0.43,4.604651162790696,15.545729578775893,29.64071856287424,0.3008982035928138,380489.3824,1868624.0683,123.52645181760124,58.69984528327914,4.577464788732399,4102,23.49594272076372,0.5989136965205366,6.976744186046524,4.2790697674418565,6.976744186046524,4.2790697674418565,7.000000000000006,4.2790697674418565,7.279069767441859,4.2790697674418565,FAILED_OR_PARTIAL
DOODUSDT,2026-03-07T03:10:00+00:00,0.003041,4.077606050641225,8.289473684210513,49.20634920634927,0.4960317460317455,372145.529524,1001923.0308619996,261.9369469624589,128.8397062957667,5.184929139301753,5017,88.53529411764707,0.5562961955684299,7.530417625780994,3.650115093719175,9.24038145346926,1.841499506741196,9.24038145346926,-2.4662939822426844,9.24038145346926,-3.650115093719175,FAILED_OR_PARTIAL
DOGSUSDT,2026-04-27T05:55:00+00:00,3.2e-05,6.562500000000004,8.125000000000004,80.76923076923083,0.8076923076923084,800311.795211,1791210.3125091,528.4226146461637,60.228291460971306,2.830188679245293,4199,49.35161606268365,0.5780382059129017,6.875000000000009,0.3125000000000044,6.875000000000009,-3.749999999999986,6.875000000000009,-3.749999999999986,6.875000000000009,-3.749999999999986,FAILED_OR_PARTIAL
DODOXUSDT,2025-11-26T12:00:00+00:00,0.024272,10.992089650626236,12.18688200395519,90.19607843137248,0.9019607843137248,805674.460688,1616257.687399,444.3494326689158,88.05404612954717,2.324610825925477,13973,74.16010614772225,0.5479427397587053,33.862063282795,9.430619644034287,33.862063282795,9.430619644034287,44.54515491100857,9.430619644034287,44.54515491100857,9.430619644034287,REAL_CONTINUATION
DODOXUSDT,2026-01-01T16:20:00+00:00,0.019001,6.452291984632375,10.567051018796402,61.08619830592909,0.6148480318883895,687789.411962,1870590.74658,301.910856195231,102.95966265740712,5.868609890415533,10552,73.10854503464203,0.5150922886431022,8.15220251565707,-2.373559286353355,8.15220251565707,-2.905110257354881,8.15220251565707,-2.905110257354881,8.15220251565707,-2.905110257354881,FAILED_OR_PARTIAL
DODOXUSDT,2026-01-26T06:35:00+00:00,0.01753,5.949800342270395,7.053515334970584,84.45344129554645,0.8615384615384607,349453.826678,1484612.257779,154.13494025077287,48.10127716886987,6.767603064575001,5017,32.790849673202615,0.5460341989267241,25.40787221905305,3.822019395322318,25.40787221905305,3.822019395322318,25.40787221905305,3.822019395322318,25.40787221905305,3.822019395322318,REAL_CONTINUATION
DODOXUSDT,2026-03-03T20:30:00+00:00,0.016056,5.543099152964603,6.872274143302204,80.68902991840396,0.8123300090661816,372186.581714,1790069.247853,245.32727716480528,28.4233471327708,13.447703375760934,6288,21.97320908561444,0.5459237363079741,10.351270553064284,4.36596910812157,10.351270553064284,1.7625809666168335,10.351270553064284,1.7625809666168335,10.351270553064284,-2.5411061285500858,FAILED_OR_PARTIAL
DODOXUSDT,2026-03-11T17:35:00+00:00,0.015133,6.489129716513586,8.019304508792802,80.9563066776588,0.8153338829348733,295270.151959,1090848.121247,201.5715830342091,58.051600066927485,5.689979778258136,4917,54.88744186046512,0.5391646641788086,8.808564065287783,-0.6145509812991556,8.808564065287783,-1.2489261878014912,8.808564065287783,-2.1674486222163503,8.808564065287783,-2.1674486222163503,FAILED_OR_PARTIAL
DODOXUSDT,2026-04-01T13:40:00+00:00,0.015549,9.743391857997285,13.760517799352767,71.26058325493877,0.7591721542803378,384984.351616,1955446.441051,238.6518747875621,39.13746871899483,12.81164432915405,6536,25.614630960156763,0.6126913585887083,24.33597015885265,9.158145218341996,24.33597015885265,0.9711235449225032,24.33597015885265,-3.511479837931697,24.33597015885265,-3.511479837931697,REAL_CONTINUATION
DODOXUSDT,2026-04-06T08:50:00+00:00,0.015837,7.141504072741056,10.375569044006072,68.92138939670932,0.7020109689213895,243176.187627,677545.481351,327.3267649351937,84.45011359481292,5.216587427363972,4836,51.53818827708704,0.4573529781320227,10.822756835259195,-3.1697922586348515,10.822756835259195,-4.483172317989526,10.822756835259195,-4.483172317989526,10.822756835259195,-4.483172317989526,FAILED_OR_PARTIAL
DODOXUSDT,2026-05-14T15:15:00+00:00,0.020035,16.48614923883205,17.373262673732647,95.05035971223016,0.96,583519.193659,1721107.926633,314.4297359277327,47.51861256594956,13.567330408369903,8601,35.05842391304348,0.5601598409409212,23.913151984027948,11.005739955078608,25.485400549039184,11.005739955078608,25.485400549039184,4.816571000748682,25.485400549039184,2.4956326428749787,REAL_CONTINUATION
DODOXUSDT,2026-06-08T20:50:00+00:00,0.016019,7.241400836506662,8.488196885986943,85.7988165680475,0.9252958579881654,310132.248621,1905345.404617,98.60297835193332,25.73010098955521,6.772324698674836,9298,26.591039084842706,0.5173389417560103,14.863599475622705,6.8231475123291085,14.863599475622705,4.338597914975972,14.863599475622705,0.5555902365940613,14.863599475622705,0.5555902365940613,FAILED_OR_PARTIAL
DODOXUSDT,2026-06-12T08:05:00+00:00,0.017001,3.43509205340864,8.950471698113226,38.47167325428198,0.4117259552042159,370339.610768,1415238.596528,220.3023113262218,10.01349923408672,10.481421647819069,5003,11.481353987378084,0.574106737140772,4.246809011234642,-13.093347450149984,4.246809011234642,-13.093347450149984,4.246809011234642,-13.093347450149984,4.246809011234642,-13.093347450149984,FAILED_OR_PARTIAL
DODOXUSDT,2026-07-11T11:25:00+00:00,0.016326,7.34411368369472,11.574301128003928,63.5063559322033,0.6424788135593211,445413.18322,1296732.208742,349.8527478258044,53.232673408318085,5.391215264438465,10772,50.3953216374269,0.5093847534165493,10.829351953938504,-0.1898811711380621,10.829351953938504,-0.5145167217934676,10.829351953938504,-0.5145167217934676,10.829351953938504,-1.6354281514149194,FAILED_OR_PARTIAL
DOLOUSDT,2026-08-14T17:05:00+00:00,0.02348,8.560477001703571,10.39794608472402,82.71604938271591,0.8724279835390942,636897.99982,1723826.63917,484.83348501523545,35.83649362135955,12.541886069889909,13874,28.089758731229963,0.5484851057763209,28.2793867120954,-2.640545144804096,37.43611584327087,-2.640545144804096,38.3304940374787,-2.640545144804096,38.3304940374787,-2.640545144804096,REAL_CONTINUATION
DRIFTUSDT,2026-06-16T12:30:00+00:00,0.01713,9.45709281961471,11.441914769410388,82.6530612244898,0.826530612244898,558606.03724,1859828.55704,156.19513950277883,104.98299611269933,3.558504221954162,4812,46.756275303643726,0.6123632231404489,10.62463514302394,4.903677758318747,10.62463514302394,-3.444249854057213,10.62463514302394,-4.144775248102739,10.62463514302394,-5.137186223000578,FAILED_OR_PARTIAL
ELSAUSDT,2026-03-30T00:00:00+00:00,0.05916,5.341446923597037,6.135902636916835,87.0523415977962,0.870523415977962,619220.67778,1583424.14572,396.034970280669,223.12082701349627,4.006878761822863,7611,123.42162162162164,0.5368610133657542,8.89114266396216,3.684922244759981,8.89114266396216,3.684922244759981,8.975659229208933,3.684922244759981,8.975659229208933,3.684922244759981,FAILED_OR_PARTIAL
ERAUSDT,2026-07-02T09:25:00+00:00,0.0852,4.694835680751175,9.080188679245271,51.94805194805201,0.5714285714285717,275389.3615,1763222.2402,147.2923299824371,11.855830476824204,8.85286783042396,2994,10.933657942787583,0.5682529885962933,4.929577464788726,-0.3521126760563264,4.929577464788726,-1.1737089201877993,4.929577464788726,-1.1737089201877993,4.929577464788726,-2.699530516431925,FAILED_OR_PARTIAL
FLNCUSDT,2026-06-01T12:10:00+00:00,21.08,6.9734345351043725,9.8095238095238,71.35922330097102,0.7524271844660202,258489.4722,1923504.2118,386.7030260108394,4.776238515753494,13.80053908355794,5337,6.193211488250653,0.5485677296376947,9.108159392789371,3.984819734345368,9.155597722960174,3.984819734345368,24.810246679316883,3.984819734345368,27.41935483870968,3.984819734345368,REAL_CONTINUATION
FIGHTUSDT,2026-06-23T21:45:00+00:00,0.003643,2.7449903925336194,11.245865490628423,24.50980392156861,0.2818627450980387,171807.445218,1639347.303695999,73.43009432874192,51.88540462780714,8.044343376918706,3395,31.877934272300468,0.5045101123645532,8.619269832555565,2.0312928904748784,8.619269832555565,2.0312928904748784,8.619269832555565,2.0312928904748784,8.619269832555565,2.0312928904748784,FAILED_OR_PARTIAL
FLUXUSDT,2026-02-08T15:05:00+00:00,0.0721,22.33009708737865,22.60748959778088,98.7730061349693,0.9877300613496928,1293292.7744,1864201.1007,1155.956992045992,1134.770208502085,3.361344537815114,16622,336.36424957841484,0.5856927230196701,28.01664355062412,4.022191400832176,28.01664355062412,4.022191400832176,28.01664355062412,4.022191400832176,28.01664355062412,4.022191400832176,REAL_CONTINUATION
FLUXUSDT,2026-05-05T15:00:00+00:00,0.06743,0.726679519501694,10.24535315985129,7.11175616835981,0.0972423802612468,467127.07471,1177442.99105,285.349591638372,245.83752535778945,2.772781774580335,7437,110.17777777777778,0.4933307431453548,0.904641850808252,-0.4597360225419011,0.904641850808252,-0.4597360225419011,0.904641850808252,-0.6821889366750766,1.3940382619012317,-0.6821889366750766,FAILED_OR_PARTIAL
FLUIDUSDT,2025-11-10T00:10:00+00:00,3.967,8.29342072094783,8.545500378119474,97.05014749262544,0.9705014749262544,791449.1349,1746929.7509000003,382.7220359761041,308.7889589609452,5.933774834437089,5728,131.4263862332696,0.617209842249333,11.343584572724977,2.8485001260398324,11.343584572724977,2.8485001260398324,11.343584572724977,2.8485001260398324,11.343584572724977,2.6720443660196658,FAILED_OR_PARTIAL
FLUIDUSDT,2026-08-26T03:30:00+00:00,1.318,12.291350531107724,13.460076045627378,91.5254237288135,0.9322033898305084,392889.1497,1240445.5765000002,283.7865873872122,325.2391738680337,5.369649805447474,3915,105.8108108108108,0.5641853471119159,21.32018209408193,10.394537177541729,21.851289833080425,10.394537177541729,24.05159332321698,10.394537177541729,24.05159332321698,10.394537177541729,REAL_CONTINUATION
FUSDT,2026-06-27T00:00:00+00:00,0.003455,5.672937771345876,6.492753623188419,87.4999999999999,0.8973214285714286,543684.462068,1784218.3889290004,164.74313599117357,152.03560897159204,7.743496672716277,6730,76.62239089184061,0.5532318196917319,6.164978292329937,0.28943560057888,6.164978292329937,-0.2894356005788689,6.164978292329937,-2.11287988422576,6.164978292329937,-2.373371924746748,FAILED_OR_PARTIAL
FUSDT,2026-07-04T00:20:00+00:00,0.003668,5.943293347873513,6.494930117840503,91.98312236286924,1.0,368514.59862,1400354.7103360002,205.5764652539465,18.5673737381309,4.745951982132879,4548,18.62662116040956,0.5747188639991795,7.360959651035981,-0.9269356597600752,7.360959651035981,-2.3446019629225656,7.360959651035981,-2.699018538713182,7.360959651035981,-2.699018538713182,FAILED_OR_PARTIAL
FWDIUSDT,2026-07-17T08:45:00+00:00,4.034,4.015865146256825,12.515613290032457,32.33532934131739,0.3852295409181633,708853.99581,1674186.03418,762.282526755377,91.8251974127685,6.313696246582157,11657,117.84667228306655,0.5257981546031965,9.221616261774912,2.9499256321269263,10.361923648983652,2.9499256321269263,10.361923648983652,2.9499256321269263,10.361923648983652,0.9915716410510588,FAILED_OR_PARTIAL
FWDIUSDT,2026-07-21T20:10:00+00:00,4.403,12.355212355212377,12.786736316148106,96.62522202486676,0.9662522202486676,48847.69635,637585.4165399999,70.8717535959753,21.60852888557729,6.327602674307564,932,27.75186104218362,0.696614588663197,20.349761526232136,12.264365205541685,20.349761526232136,12.264365205541685,20.349761526232136,-1.794231205995911,20.349761526232136,-1.794231205995911,REAL_CONTINUATION
GMEUSDT,2026-06-26T21:25:00+00:00,21.83,5.038937242327091,5.183486238532109,97.34513274336304,1.0,78859.1703,205783.6256,1716.4249469733163,258.92766111837415,4.287756074321125,670,54.69387755102041,0.7037581804230574,4.809894640403112,0.8703618873110441,4.809894640403112,0.8703618873110441,4.809894640403112,0.8703618873110441,4.809894640403112,0.8703618873110441,FAILED_OR_PARTIAL
GTCUSDT,2026-03-11T19:05:00+00:00,0.088,9.090909090909104,14.772727272727291,61.53846153846154,0.6153846153846154,676884.1753,1543356.6936,751.175424814116,70.17201301361716,7.228915662650581,3021,37.48914167528439,0.5722186835411456,9.090909090909104,-1.1363636363636354,9.090909090909104,-1.1363636363636354,9.090909090909104,-1.1363636363636354,9.090909090909104,-1.1363636363636354,FAILED_OR_PARTIAL
GTCUSDT,2026-03-18T16:50:00+00:00,0.088,5.681818181818188,9.195402298850585,62.5,0.75,536822.6986,1277856.186,535.3828399901306,58.27814413903231,8.139534883720945,1382,18.426666666666662,0.6627074552320356,14.772727272727291,-1.1363636363636354,14.772727272727291,-1.1363636363636354,14.772727272727291,-1.1363636363636354,14.772727272727291,-1.1363636363636354,FAILED_OR_PARTIAL
GTCUSDT,2026-03-20T03:40:00+00:00,0.089,6.741573033707882,11.363636363636376,60.0,0.7,448845.6926,1853105.3602,339.9037912718518,432.5248711977207,8.045977011494255,1674,47.82857142857143,0.6499552668314946,29.21348314606742,-6.741573033707859,29.21348314606742,-7.86516853932584,29.21348314606742,-7.86516853932584,29.21348314606742,-7.86516853932584,REAL_CONTINUATION
GTCUSDT,2026-04-03T02:40:00+00:00,0.078,-1.2820512820512886,14.473684210526304,9.090909090909102,0.090909090909091,394234.9951,1832026.9031,187.4609304307555,27.49712681548731,10.95890410958904,2098,14.272108843537415,0.4055287838144534,-1.2820512820512886,-8.974358974358987,-1.2820512820512886,-8.974358974358987,-1.2820512820512886,-8.974358974358987,-1.2820512820512886,-8.974358974358987,FAILED_OR_PARTIAL
GTCUSDT,2026-04-06T21:40:00+00:00,0.077,5.1948051948051965,5.1948051948051965,100.0,1.0,110726.2417,722885.2009,101.96411833359213,124.32624742802494,2.631578947368429,554,15.424593967517405,0.7224342339436596,5.1948051948051965,2.5974025974025983,5.1948051948051965,2.5974025974025983,5.1948051948051965,1.2987012987013102,5.1948051948051965,1.2987012987013102,FAILED_OR_PARTIAL
GTCUSDT,2026-04-15T08:45:00+00:00,0.08013,2.5957818544864564,10.293012772351616,25.304136253041325,0.2858880778588812,80173.423506,884990.976656,58.7548586279573,40.048135775016775,2.4270003792188133,1422,19.02341137123745,0.7146843563529738,5.353800074878312,1.3852489704230695,5.353800074878312,0.4367902158991521,5.353800074878312,0.4367902158991521,5.353800074878312,0.4367902158991521,FAILED_OR_PARTIAL
GTCUSDT,2026-05-09T04:45:00+00:00,0.09475,1.6147757255936757,9.955658783783791,16.22481442205729,0.1654294803817608,170896.317177,1212220.891013,88.43462727970226,52.54379979285815,2.907355174658277,1529,14.379310344827587,0.6839039616339363,1.7730870712401092,0.6649076517150521,1.994722955145112,0.6649076517150521,2.269129287598948,0.6649076517150521,3.430079155672816,0.6649076517150521,FAILED_OR_PARTIAL
GTCUSDT,2026-05-09T14:10:00+00:00,0.09536,5.002097315436238,5.49496644295302,91.03053435114506,0.9103053435114506,209224.848522,1710494.1947463,71.82060539497273,67.81327527646899,10.79787234042553,2669,21.9821551132464,0.5591650248020057,10.33976510067114,3.617869127516782,18.86535234899329,3.617869127516782,18.86535234899329,2.3489932885906173,18.86535234899329,2.3489932885906173,FAILED_OR_PARTIAL
GRIFFAINUSDT,2026-06-19T09:35:00+00:00,0.008447,8.156742038593578,10.236966824644544,79.7453703703704,0.8055555555555559,355458.615277,1977207.277868,139.37179232481049,34.18895225315331,4.406364749082004,4676,29.704605611434623,0.6075951410143657,12.477802770214286,-1.3851071386290823,12.477802770214286,-4.143482893334904,12.477802770214286,-4.143482893334904,12.477802770214286,-4.143482893334904,FAILED_OR_PARTIAL
GUNUSDT,2025-11-26T12:10:00+00:00,0.01326,5.882352941176472,6.525037936267064,90.69767441860482,1.0,337247.07179,1682256.55915,120.53709946112282,39.357653085885175,4.964539007092195,3226,19.14540059347181,0.5650663848570461,6.787330316742102,-0.6787330316742057,6.787330316742102,-1.1312217194570096,6.787330316742102,-1.5082956259426794,6.787330316742102,-3.092006033182493,FAILED_OR_PARTIAL
GUSDT,2026-01-25T00:00:00+00:00,0.004564,8.808063102541631,9.348255431204722,94.36619718309863,0.9600938967136158,696265.440017,1599058.965816,720.9499498231256,302.3409449699272,3.0187835420393494,10517,147.77985948477752,0.529748258379727,24.56178790534618,4.995617879053449,32.42769500438212,4.995617879053449,38.40929009640664,4.995617879053449,42.090271691498685,4.995617879053449,REAL_CONTINUATION
HAEDALUSDT,2026-03-07T07:00:00+00:00,0.02358,2.1628498727735312,9.83676975945018,22.270742358078603,0.3537117903930137,359265.27908,1480723.4704,228.2310726309241,10.452922353904922,12.94318667236225,4069,13.261271048343293,0.5465931670125923,2.4173027989822016,-5.513146734520779,3.519932145886351,-5.513146734520779,4.877014418999148,-5.513146734520779,5.93723494486853,-5.513146734520779,FAILED_OR_PARTIAL
HAEDALUSDT,2026-08-17T12:55:00+00:00,0.01697,8.073070123747783,8.726415094339647,92.5675675675674,0.9324324324324306,456504.58699,1118016.21312,330.235196706796,146.33716186218587,2.51346499102334,5818,94.8586956521739,0.5119446977322912,16.49970536240424,-0.2357100766057662,16.49970536240424,-0.2357100766057662,16.49970536240424,-2.003535651149091,16.49970536240424,-3.6535061873895103,FAILED_OR_PARTIAL
HANAUSDT,2026-04-23T00:15:00+00:00,0.04028,2.2095332671300705,13.98063074248821,15.808170515097592,0.1598579040852571,248670.80129,903025.16069,217.476382601844,232.6313745683328,1.4529058116232507,2566,59.55899419729207,0.710952717379246,5.362462760675268,0.024826216484608,5.362462760675268,0.024826216484608,5.362462760675268,-1.0178748758689182,5.362462760675268,-1.0178748758689182,FAILED_OR_PARTIAL
HANAUSDT,2026-06-18T11:15:00+00:00,0.03703,5.482041587901687,6.233062330623307,88.2608695652174,0.939130434782608,216215.66782,1962597.48462,70.46743733293103,52.28114224614698,3.947726653961348,3037,22.033857315598546,0.6777381495405451,12.611396165271405,5.266000540102622,12.611396165271405,5.266000540102622,12.611396165271405,5.266000540102622,12.611396165271405,4.941938968404003,FAILED_OR_PARTIAL
HIMSUSDT,2026-07-23T16:35:00+00:00,32.23,5.150480918399025,5.56592039800996,92.73743016759764,0.9664804469273732,226843.1046,1086646.1999,626.4847313697634,71.35491223161549,5.781097759012677,2031,39.69381107491857,0.5827545626000042,10.828420726031652,1.954700589512881,11.479987589202612,1.954700589512881,11.479987589202612,1.954700589512881,11.479987589202612,-3.1337263419174644,FAILED_OR_PARTIAL
HIMSUSDT,2026-07-31T13:30:00+00:00,27.37,5.151625867738408,6.140350877192979,83.92857142857146,0.8452380952380963,125335.7367,1209131.4406,145.68069387933718,27.992017425277268,2.3454951600893503,1400,26.20904836193448,0.6952238323581019,5.590062111801242,-0.3653635367190433,5.590062111801242,-0.9864815491413936,5.590062111801242,-1.607599561563755,5.590062111801242,-1.607599561563755,FAILED_OR_PARTIAL
HMSTRUSDT,2026-02-21T16:05:00+00:00,0.0001802,9.322974472807989,15.87125416204218,58.741258741258704,0.5874125874125871,1092367.6105628,1972228.1694067,495.8668583227383,307.52312209365897,1.949860724233976,9360,131.83098591549296,0.5330558305432511,14.705882352941192,4.938956714761367,14.705882352941192,3.607103218645968,14.705882352941192,2.663706992230863,14.705882352941192,1.6093229744728266,FAILED_OR_PARTIAL
IDOLUSDT,2026-03-17T17:45:00+00:00,0.02767,5.89085652331045,7.363075807036634,80.29556650246302,0.8522167487684721,538187.28179,1902791.98461,299.60494734054186,19.56085528361921,7.993850883935427,6694,17.308338720103425,0.5609256352471635,7.336465486086019,-0.6143838091796194,7.336465486086019,-0.6143838091796194,17.0943259848211,-0.6143838091796194,17.0943259848211,-0.6143838091796194,FAILED_OR_PARTIAL
ICNTUSDT,2026-06-25T14:15:00+00:00,0.1564,5.626598465473154,7.524115755626992,75.21367521367532,0.8290598290598311,104405.7996,1922086.4932,53.68823032699201,3.0196192186124184,14.553686934023302,1454,3.56591048436542,0.5458949868528185,8.43989769820972,4.283887468030678,8.43989769820972,3.772378516624042,13.235294117647056,3.772378516624042,19.181585677749368,3.772378516624042,FAILED_OR_PARTIAL
ICNTUSDT,2026-07-19T16:35:00+00:00,0.1562,6.7221510883482605,8.968609865470857,74.9999999999998,0.7571428571428563,327728.1757,1226390.4263,287.68415267841914,76.57527421965803,1.6129032258064502,4682,67.52884615384616,0.4938406524074761,12.80409731113956,4.929577464788726,12.80409731113956,4.929577464788726,12.80409731113956,4.929577464788726,12.80409731113956,4.929577464788726,FAILED_OR_PARTIAL
INITUSDT,2026-01-11T02:20:00+00:00,0.0917,6.1068702290076216,12.896174863387987,47.457627118644,0.4915254237288133,833591.8405,1717891.4878999991,565.5419313147486,42.94954253107048,3.603603603603589,7727,35.52643678160919,0.4824937959550481,10.905125408942196,2.617230098146117,10.905125408942196,2.617230098146117,10.905125408942196,0.872410032715365,10.905125408942196,-0.7633587786259555,FAILED_OR_PARTIAL
IRENUSDT,2026-07-20T11:00:00+00:00,34.75,5.179856115107895,7.357184073860368,70.58823529411742,0.7411764705882343,858614.1853,1977052.2642,792.6775980696136,156.38951925697984,4.288266825491371,9059,146.9027027027027,0.5075114591168169,6.820143884892072,3.5107913669064628,6.820143884892072,3.5107913669064628,6.820143884892072,3.5107913669064628,14.935251798561143,3.5107913669064628,FAILED_OR_PARTIAL
INXUSDT,2026-07-27T08:20:00+00:00,0.00761,7.490144546649158,9.724047306176086,77.02702702702703,0.7702702702702703,551913.061237,1234220.601536,483.8441733467288,63.4030862127691,7.047592306612383,7641,38.28475991649269,0.5308509634295252,11.511169513797649,5.400788436268078,11.524310118265449,5.400788436268078,16.3994743758213,5.400788436268078,16.3994743758213,3.416557161629452,FAILED_OR_PARTIAL
IOSTUSDT,2026-07-27T20:15:00+00:00,0.0006247,3.6497518809028406,8.177008177008172,44.70588235294126,0.4666666666666658,916041.6980827,1922120.2294137,539.9473134357264,335.3120148855938,4.10140481188439,10013,89.6686567164179,0.5614120823901306,7.731711221386273,2.225068032655675,8.051864895149684,2.225068032655675,8.32399551784857,2.225068032655675,8.32399551784857,2.1770449815911697,FAILED_OR_PARTIAL
IRYSUSDT,2026-04-07T14:15:00+00:00,0.01914,10.710553814002076,12.539184952978054,85.41666666666667,0.8541666666666667,535149.563631,1332819.84451,392.8550834788185,356.15740164329526,6.820566631689395,7139,122.90961262553802,0.4543791734634879,13.375130616509924,8.934169278996862,15.726227795193305,8.934169278996862,15.726227795193305,8.934169278996862,17.60710553814,8.934169278996862,FAILED_OR_PARTIAL
IRYSUSDT,2026-07-27T00:05:00+00:00,0.0134,5.447761194029854,5.820895522388048,93.58974358974362,0.9358974358974362,501422.31635,1265410.67453,313.71210353695375,234.0700909617624,5.689789555728764,6576,115.7067448680352,0.5466995866986006,7.910447761194028,1.1194029850746243,10.298507462686567,1.1194029850746243,10.298507462686567,1.1194029850746243,10.298507462686567,1.1194029850746243,FAILED_OR_PARTIAL
JCTUSDT,2026-02-09T17:55:00+00:00,0.001261,10.309278350515472,13.322759714512287,77.38095238095248,0.7738095238095247,603145.70669,1230213.679107,690.7881500565841,374.483125809504,6.572379367720482,6167,124.37647058823528,0.5541694456291513,10.309278350515472,5.47184773988898,10.309278350515472,5.075337034099925,10.309278350515472,5.075337034099925,10.309278350515472,5.075337034099925,FAILED_OR_PARTIAL
JCTUSDT,2026-02-12T05:30:00+00:00,0.001339,9.63405526512322,10.380881254667674,92.80575539568343,0.9280575539568344,336097.563764,1176284.794977,274.6086067026814,238.9780208291733,4.504504504504503,3701,80.45652173913044,0.5626152692340762,11.799850634802112,9.03659447348768,11.799850634802112,9.03659447348768,13.442867811799864,9.03659447348768,13.517550410754309,9.03659447348768,FAILED_OR_PARTIAL
JCTUSDT,2026-05-05T15:40:00+00:00,0.003107,5.14966205342775,5.907036797934162,87.43169398907102,0.9234972677595622,115990.056324,1434379.039961,44.36429822527757,16.08687992069871,9.51760104302477,1924,12.190073917634637,0.6281754111358577,6.115223688445437,1.8345671065336464,6.115223688445437,1.5770840038622502,6.115223688445437,1.5770840038622502,10.556807209526877,1.5770840038622502,FAILED_OR_PARTIAL
JCTUSDT,2026-05-11T05:15:00+00:00,0.002889,7.199723087573551,8.27275874004847,87.02928870292878,0.8702928870292879,333289.328454,1624307.183213,124.83150471106234,63.78119604452634,7.355645457888937,5433,32.64697045568353,0.5028852601115691,9.034267912772576,5.4690204222914485,9.034267912772576,5.4690204222914485,12.287988923502937,5.4690204222914485,14.226375908618904,5.4690204222914485,FAILED_OR_PARTIAL
KGENUSDT,2026-05-02T04:30:00+00:00,0.17646,5.28731723903435,6.981624319419222,75.79203899268899,0.7692932575142174,289771.59734,1041463.85205,219.4120472079867,181.6068050535955,4.884628630467214,3510,64.60122699386503,0.6367730708386066,8.081151535758814,4.2389210019267765,8.778193358268172,4.2389210019267765,10.727643658619511,4.2389210019267765,12.478748724923497,4.2389210019267765,FAILED_OR_PARTIAL
KNCUSDT,2026-07-20T06:55:00+00:00,0.1137,6.33245382585752,7.3943661971831,85.7142857142858,0.8690476190476184,708630.6255,1367379.6618,1000.7948751517862,36.70747339935499,4.2124542124541975,10036,47.19122257053292,0.520979251975612,6.772207563764288,-3.957783641160939,6.772207563764288,-3.957783641160939,6.772207563764288,-6.244503078276164,6.772207563764288,-7.563764291996478,FAILED_OR_PARTIAL
KOMAUSDT,2025-11-21T07:35:00+00:00,0.01247,6.976744186046502,8.34670947030498,83.65384615384615,0.8461538461538456,112565.46132,1825048.23428,37.11449228928687,9.433476449158247,21.39303482587065,1308,9.173582700175336,0.5341499692261021,7.939053728949474,4.570970328789081,7.939053728949474,4.570970328789081,7.939053728949474,4.490777866880502,7.939053728949474,4.2502004811547645,FAILED_OR_PARTIAL
KOMAUSDT,2025-12-31T12:50:00+00:00,0.01023,5.571847507331396,11.045943304007832,50.44247787610625,0.5044247787610625,285376.03978,1305140.56113,308.6496159163573,373.67365620332106,3.2673267326732702,5179,161.00518134715028,0.5861360069995712,5.962854349951141,3.03030303030305,5.962854349951141,2.5415444770283457,5.962854349951141,2.5415444770283457,5.962854349951141,0.0,FAILED_OR_PARTIAL
KOMAUSDT,2026-01-10T16:45:00+00:00,0.01111,4.860486048604873,9.180918091809186,52.94117647058828,0.5294117647058828,237150.54904,1479037.4615600002,193.0340532974049,37.73648266503971,8.579599618684487,2460,15.146228835300157,0.594429144611522,7.200720072007205,0.9000900090008868,7.200720072007205,0.9000900090008868,7.200720072007205,0.9000900090008868,7.200720072007205,0.9000900090008868,FAILED_OR_PARTIAL
KOMAUSDT,2026-01-15T18:10:00+00:00,0.0104,5.09615384615385,8.188824662813099,62.3529411764707,0.6470588235294119,459554.3894,1252858.28064,285.4506308081901,135.0033204058642,3.9385206532180472,1978,23.547619047619047,0.5819404886528541,5.4807692307692335,3.173076923076934,5.4807692307692335,1.4423076923077094,5.4807692307692335,1.4423076923077094,5.4807692307692335,1.3461538461538636,FAILED_OR_PARTIAL
KOMAUSDT,2026-02-07T10:40:00+00:00,0.00709,10.578279266572643,15.655853314527524,67.5675675675675,0.675675675675675,1079893.44462,1711214.59137,804.9963394546523,1062.0234443121508,4.929577464788726,5968,139.0601941747573,0.6322343317865488,20.59238363892808,0.4231311706629048,20.59238363892808,0.4231311706629048,20.59238363892808,0.4231311706629048,20.59238363892808,-1.2693935119887143,REAL_CONTINUATION
KOMAUSDT,2026-02-23T05:35:00+00:00,0.00668,7.634730538922163,8.995502248875574,84.99999999999991,0.8666666666666665,186624.12018,553797.2632899997,312.4694276503369,203.84231459702428,5.303030303030298,1191,32.55580865603645,0.4439542325509062,9.5808383233533,4.940119760479034,9.5808383233533,4.79041916167664,9.5808383233533,4.79041916167664,9.5808383233533,4.79041916167664,FAILED_OR_PARTIAL
KOMAUSDT,2026-05-06T09:40:00+00:00,0.007459,4.290119318943564,8.61051502145922,49.84423676012465,0.5031152647975089,322639.162542,1354319.259411,172.77460445321367,150.8835224626105,4.200976971388704,6991,82.16650342801175,0.552567072256122,4.732537873709619,1.8233007105510124,4.732537873709619,1.1797828127094734,4.732537873709619,1.1797828127094734,4.8397908566832015,1.1797828127094734,FAILED_OR_PARTIAL
KOMAUSDT,2026-05-07T06:30:00+00:00,0.007392,4.626623376623384,9.308005427408418,49.85422740524779,0.5306122448979594,287465.682963,1767102.959828,135.00734426208425,126.68723961544548,5.159332321699539,3263,38.12658227848102,0.5703141584002623,5.857683982683981,-2.1239177489177474,5.857683982683981,-2.1239177489177474,5.857683982683981,-2.1239177489177474,5.857683982683981,-2.1239177489177474,FAILED_OR_PARTIAL
KOMAUSDT,2026-05-08T17:00:00+00:00,0.007823,5.266521794707901,5.498018156245998,95.81395348837194,0.9627906976744176,83523.70367,1434199.917958,36.29387067627034,55.83559589306998,4.5562599049128405,2102,25.274549098196392,0.6192081906872653,5.471046912948996,2.0963824619711025,5.471046912948996,2.0963824619711025,5.471046912948996,2.0835996420810465,5.471046912948996,2.0835996420810465,FAILED_OR_PARTIAL
KOMAUSDT,2026-06-02T17:45:00+00:00,0.006538,9.070052003670837,11.484207298374717,79.17222963951936,0.8130841121495332,251931.348657,1349241.738661,120.1179812191886,68.43374587066194,7.6648009950248674,3305,31.753402722177743,0.628216002147784,10.278372591006413,4.007341694707844,10.278372591006413,3.059039461609059,10.278372591006413,2.569593147751603,10.278372591006413,2.569593147751603,FAILED_OR_PARTIAL
KOMAUSDT,2026-06-13T17:55:00+00:00,0.006586,7.1667172790768285,10.663831080054686,67.2364672364673,0.6766381766381767,243773.537065,782269.611752,184.06116651157697,154.50136185170177,3.103555832813476,2791,38.71907514450867,0.6156876359798655,7.849984816276945,4.5703006377163735,7.849984816276945,4.0085028849073945,7.849984816276945,4.0085028849073945,7.849984816276945,4.0085028849073945,FAILED_OR_PARTIAL
KOMAUSDT,2026-06-30T08:25:00+00:00,0.006754,5.803968018951733,6.855196920343509,84.66522678185731,0.8466522678185732,141062.615564,722474.557963,118.00766211985687,105.21944492223984,2.0475760313158675,1921,29.97659297789337,0.5364551344907317,7.77317145395322,0.3849570624814946,7.77317145395322,0.3849570624814946,7.77317145395322,0.3849570624814946,7.77317145395322,0.1776724903760795,FAILED_OR_PARTIAL
KOMAUSDT,2026-07-08T11:40:00+00:00,0.007341,2.615447486718425,8.548057259713705,30.622009569377905,0.3157894736842095,95488.258753,775049.67408,73.55959042783063,35.170302584763014,3.297755883962772,1114,14.88641425389755,0.629896643184001,2.792535076964975,1.96158561503883,4.672387958043855,1.689143168505658,4.672387958043855,1.5801661898923849,4.672387958043855,0.967170685192742,FAILED_OR_PARTIAL
KOMAUSDT,2026-07-30T02:30:00+00:00,0.008408,7.397716460513792,8.49393290506779,87.11484593837532,0.8739495798319329,393816.445286,1438853.958027,213.2771799842249,25.44530915022998,8.762223365928978,5744,22.0287631831256,0.446610802736461,9.83587059942912,0.9752616555661175,9.83587059942912,0.9752616555661175,16.888677450047563,0.9752616555661175,25.97526165556612,0.9752616555661175,REAL_CONTINUATION
LISTAUSDT,2026-07-22T15:05:00+00:00,0.0519,11.560693641618492,12.804642166344273,90.63444108761335,0.9365558912386712,930066.34905,1889218.8343,893.9280000437128,35.61668745916179,10.894859318806848,10025,27.509718728561623,0.5048115699160292,21.96531791907512,9.614643545279389,21.96531791907512,3.506743737957607,21.96531791907512,-3.448940269749523,21.96531791907512,-5.7225433526011615,REAL_CONTINUATION
LQTYUSDT,2026-04-01T06:20:00+00:00,0.2827,8.631057658294994,10.87495572086432,79.47882736156343,0.8078175895765467,1076991.7493,1965930.33321,707.1956339889165,323.3427958210894,4.518736223365161,8578,131.46360153256705,0.5453912327571441,9.161655465157391,-1.839405730456312,9.161655465157391,-1.839405730456312,9.161655465157391,-1.839405730456312,9.161655465157391,-1.839405730456312,FAILED_OR_PARTIAL
LSKUSDT,2026-07-08T20:10:00+00:00,0.0853,2.930832356389224,8.568075117370899,34.24657534246578,0.3561643835616445,1053437.1012,1553882.2174999998,1008.5240460226526,1138.6536766765842,2.1531100478469067,10367,631.492385786802,0.5236328684186655,3.3997655334114807,0.8206330597889666,3.3997655334114807,0.0,3.3997655334114807,0.0,7.97186400937866,0.0,FAILED_OR_PARTIAL
LUMIAUSDT,2025-12-23T04:50:00+00:00,0.1039,5.197305101058691,5.394990366088637,96.42857142857132,0.9821428571428568,169403.90401,1880473.35933,50.57975650361631,32.72743107967313,8.615384615384603,2326,18.72032193158953,0.5778472156357243,7.314725697786328,1.0587102983637964,8.854667949951867,1.0587102983637964,25.98652550529352,1.0587102983637964,26.948989412897006,1.0587102983637964,REAL_CONTINUATION
LUMIAUSDT,2026-03-10T19:35:00+00:00,0.06498,12.557710064635264,15.297014465989545,82.09255533199192,0.8209255533199192,754957.328807,1813862.747126,325.5016695204227,71.09742656594963,6.469440832249673,15865,40.30059271803556,0.5540936569819566,15.143120960295487,2.3391812865497297,15.143120960295487,0.538627269929215,15.143120960295487,0.538627269929215,15.143120960295487,0.538627269929215,FAILED_OR_PARTIAL
MANTRAUSDT,2026-06-21T06:45:00+00:00,0.007583,5.248582355268372,8.669755129053613,60.76335877862592,0.650381679389313,459883.053097,1908794.121668,182.07768809826007,25.96176554581396,5.035577449370554,7111,15.741007194244604,0.4840061076333061,8.136621389951216,1.0945536067519468,8.136621389951216,-0.3824343927205653,8.136621389951216,-1.147303178161685,8.136621389951216,-1.147303178161685,FAILED_OR_PARTIAL
MAGMAUSDT,2026-03-15T13:55:00+00:00,0.09991,5.434891402262032,9.876790543924674,55.070993914807374,0.5588235294117652,297103.07684,1493922.60896,174.90384720252024,100.61078668753116,5.578616988964269,2817,38.545039908779934,0.6702930022069307,8.007206485837258,4.313882494244825,8.007206485837258,3.6933239915924334,8.007206485837258,3.5331798618756904,8.007206485837258,3.2829546591932823,FAILED_OR_PARTIAL
MAGMAUSDT,2026-03-16T12:45:00+00:00,0.10198,5.353990978623258,7.790549169859506,68.85245901639342,0.7124842370744002,258610.62408,1490668.28255,188.84574473313256,94.52242547264969,5.4775558631599885,2461,38.96042216358839,0.7238206090562402,5.795253971366932,3.8635026475779535,7.864287115120616,3.8635026475779535,10.24710727593645,3.8635026475779535,11.27672092567169,3.8635026475779535,FAILED_OR_PARTIAL
MAGMAUSDT,2026-03-21T17:05:00+00:00,0.0982,10.610997963340129,15.31568228105906,69.28191489361703,0.6928191489361702,740520.83856,1393338.40821,734.8336996921192,403.8583880335599,4.568841325375583,7477,111.04455445544556,0.626098936380484,24.949083503055004,8.64562118126273,37.88187372708758,8.64562118126273,42.05702647657843,8.64562118126273,52.647657841140536,8.64562118126273,REAL_CONTINUATION
MAGMAUSDT,2026-04-08T15:25:00+00:00,0.11005,13.539300318037274,21.28627308287092,63.675213675213705,0.641880341880342,986409.42482,1915117.56209,592.7496603627676,55.77980014320116,10.236220472440948,8619,27.3474352194606,0.6011422918715579,21.044979554747844,12.48523398455248,21.044979554747844,12.48523398455248,26.30622444343482,12.48523398455248,34.27532939572924,12.48523398455248,REAL_CONTINUATION
MAGICUSDT,2026-08-08T16:25:00+00:00,0.04367,6.068239065720182,11.332874512502864,53.643724696356266,0.5526315789473691,1003501.265819,1794666.545495002,708.9327289785167,49.87317192494341,6.715328467153303,19932,42.01370103636044,0.5162401415808872,8.472635676665918,-1.4197389512251024,8.472635676665918,-2.289901534234029,8.472635676665918,-2.9539729791618896,8.472635676665918,-2.9539729791618896,FAILED_OR_PARTIAL
MAVUSDT,2026-04-05T17:35:00+00:00,0.01382,9.696092619392171,12.961622013034034,74.86033519553068,0.7541899441340785,782669.38631,1601270.84364,616.8873923545258,103.77294635622567,5.23520485584219,11613,87.64528301886793,0.4888722923787,10.998552821997087,-2.894356005788723,10.998552821997087,-2.894356005788723,10.998552821997087,-2.894356005788723,10.998552821997087,-2.894356005788723,FAILED_OR_PARTIAL
MAVUSDT,2026-07-08T20:25:00+00:00,0.00978,1.4314928425357865,10.143442622950817,14.141414141414096,0.1616161616161621,950489.97586,1883279.71568,585.8297571619136,45.09936133678412,7.456140350877183,16717,70.31335436382756,0.5306087327051255,1.4314928425357865,-5.112474437627812,1.4314928425357865,-5.112474437627812,16.66666666666665,-5.112474437627812,19.83640081799589,-5.112474437627812,FAILED_OR_PARTIAL
MAVIAUSDT,2025-09-30T17:35:00+00:00,0.1154,3.8994800693241016,12.326388888888884,31.69014084507048,0.3309859154929586,555882.035,1713115.6693000002,279.41557030377487,183.65500552671983,9.383378016085796,2492,22.15111111111111,0.6326195806993474,6.585788561525119,2.6863084922010394,6.585788561525119,2.6863084922010394,6.585788561525119,2.6863084922010394,6.585788561525119,2.6863084922010394,FAILED_OR_PARTIAL
MAVIAUSDT,2025-12-29T17:15:00+00:00,0.0516,7.732558139534884,8.745394609268953,88.470066518847,0.8913525498891358,629098.34087,1330004.37295,483.011541269132,260.215956789538,3.9354584809130335,8002,146.1552511415525,0.5693674128032993,9.496124031007746,6.298449612403112,9.496124031007746,6.298449612403112,10.736434108527138,6.298449612403112,16.89922480620154,6.298449612403112,FAILED_OR_PARTIAL
MAVIAUSDT,2026-01-21T04:45:00+00:00,0.05383,5.350176481515878,7.657992565055749,69.90291262135926,0.7063106796116514,144381.17031,1256316.86118,62.717563630493466,117.80249973619024,5.528327778866893,2659,70.28193832599119,0.4992151434653377,5.424484488203607,3.3810143042912744,6.20471855842466,3.3810143042912744,6.20471855842466,2.860858257477239,6.929221623629944,2.4707412223667014,FAILED_OR_PARTIAL
MAVIAUSDT,2026-01-31T23:35:00+00:00,0.04491,7.771097751057665,8.21643286573146,94.57994579945802,0.9457994579945802,171117.15985,1887456.8448,94.98509499702392,11.042887831400192,28.09047869542347,2696,6.691209927611168,0.5732872062976798,7.993765308394574,2.6942774437764383,7.993765308394574,2.6942774437764383,7.993765308394574,2.649743932309079,7.993765308394574,0.6457359162769905,FAILED_OR_PARTIAL
MAVIAUSDT,2026-02-26T12:40:00+00:00,0.03358,6.194163192376401,7.046879665571826,88.13559322033888,0.9194915254237276,279571.24935,1815160.8498,126.51403054896304,24.127354081878867,7.280176489126999,3120,15.287872601061656,0.4972482066850985,16.14055985705778,4.883859440142957,23.347230494341865,4.883859440142957,23.347230494341865,4.883859440142957,23.347230494341865,4.883859440142957,REAL_CONTINUATION
MAVIAUSDT,2026-04-10T12:20:00+00:00,0.02903,8.267309679641755,8.511371467953133,97.16599190283412,0.9757085020242924,328818.00155,1067905.07345,256.9562125924462,201.6953722296525,4.580152671755733,3824,75.34975369458128,0.5385257713546249,13.39993110575266,7.130554598691008,13.39993110575266,7.130554598691008,13.39993110575266,7.130554598691008,13.39993110575266,6.131588012400968,FAILED_OR_PARTIAL
MAVIAUSDT,2026-04-14T13:20:00+00:00,0.03222,1.6759776536312776,10.938471100062165,15.340909090909047,0.1647727272727263,121116.5841,1290787.35098,40.338444531921255,22.04446784053602,5.966742745353781,1159,9.17414248021108,0.629624540162374,3.2588454376163867,0.9621353196772376,3.289882060831784,0.9621353196772376,4.15890751086283,-0.3103662321539246,4.15890751086283,-0.3103662321539246,FAILED_OR_PARTIAL
MAVIAUSDT,2026-05-03T14:25:00+00:00,0.03912,3.655419222903888,8.216022523675438,44.54828660436142,0.4610591900311536,542668.44441,1640350.3090499998,262.35399958796376,32.74097924088386,8.642311886586684,7734,22.96091044037605,0.4372443566125799,5.725971370143146,-5.802658486707568,5.725971370143146,-5.802658486707568,5.725971370143146,-5.802658486707568,5.725971370143146,-6.825153374233128,FAILED_OR_PARTIAL
MAVIAUSDT,2026-08-22T05:10:00+00:00,0.03171,5.077262693156737,46.93277310924368,14.413607878245305,0.8522829006266787,478397.96552,1796900.58787,174.21964975230122,45.307417583146254,5.603586295228946,5073,21.71815911523368,0.4648379764288592,6.811731315042557,-25.291706086408084,6.811731315042557,-25.291706086408084,6.811731315042557,-25.291706086408084,6.811731315042557,-25.291706086408084,FAILED_OR_PARTIAL
MEGAUSDT,2026-04-26T15:05:00+00:00,0.1565,5.795527156549518,6.709265175718859,86.38095238095225,0.8638095238095226,120463.78083,1312495.96223,78.23161778823611,43.55393901263864,5.1810115925134514,2313,32.50117096018735,0.5938099091456185,6.741214057507983,3.936102236421735,7.667731629392982,2.6517571884983937,7.667731629392982,2.6517571884983937,7.667731629392982,2.6517571884983937,FAILED_OR_PARTIAL
MEWUSDT,2026-06-15T00:00:00+00:00,0.0003909,6.52340752110514,7.556352459016402,86.44067796610156,0.8813559322033888,1045897.2655687,1866407.9929306,706.2438743938875,106.06142250514095,9.650349650349632,14729,100.59647125782584,0.544571199425311,9.081606548989509,1.586083397288296,9.081606548989509,-0.7930416986441591,9.081606548989509,-1.2790995139421837,9.081606548989509,-2.3023791250959325,FAILED_OR_PARTIAL
MITOUSDT,2026-04-13T10:25:00+00:00,0.03585,4.351464435146446,8.872767857142861,49.05660377358483,0.4937106918238996,719933.73159,1233719.31996,653.7952871160409,147.25609276050687,2.6397956287255164,7823,47.99386503067485,0.4941173643362332,4.184100418410042,-0.5857740585774152,4.184100418410042,-0.5857740585774152,4.184100418410042,-0.5857740585774152,4.184100418410042,-0.5857740585774152,FAILED_OR_PARTIAL
MITOUSDT,2026-04-24T12:05:00+00:00,0.03833,5.139577354552571,6.997389033942558,73.5074626865671,0.7462686567164181,185802.06179,812144.83941,131.82537967558434,31.492594561064603,3.0091348737237844,2472,16.20983606557377,0.5980708389317815,5.061309679102521,0.2869814766501388,5.061309679102521,0.1304461257500611,5.061309679102521,0.1304461257500611,5.061309679102521,0.1304461257500611,FAILED_OR_PARTIAL
NAORISUSDT,2026-06-03T13:00:00+00:00,0.03314,3.681351840675906,8.931804465902227,41.21621621621622,0.4121621621621621,407486.89029,1937964.39777,143.75663232505983,121.71049965907297,6.108527131782937,5792,54.2576112412178,0.5869947769356985,4.315027157513551,-0.8449004224502232,4.315027157513551,-0.8449004224502232,4.315027157513551,-0.8750754375377312,4.315027157513551,-1.4484007242003605,FAILED_OR_PARTIAL
NAORISUSDT,2026-06-07T00:10:00+00:00,0.0298,5.3020134228187965,6.056527590847916,87.7777777777777,0.9222222222222216,121850.79713,1539618.5382,42.20557505259292,61.42984106946631,5.528511821974957,2018,26.06673842841765,0.5792515561855316,8.892617449664431,4.664429530201342,9.697986577181194,4.664429530201342,18.42281879194632,4.664429530201342,22.416107382550333,4.664429530201342,REAL_CONTINUATION
NAORISUSDT,2026-06-10T22:05:00+00:00,0.0313,5.079872204472857,5.214331413947537,97.54601226993876,1.0,64025.86441,1485475.23275,23.76549251308287,3.464881302644612,11.888352860096486,1481,3.8367875647668392,0.4070836998481689,5.239616613418519,0.7987220447284393,6.677316293929714,0.7987220447284393,6.677316293929714,0.7987220447284393,8.690095846645374,0.7987220447284393,FAILED_OR_PARTIAL
NAORISUSDT,2026-06-21T10:25:00+00:00,0.03032,4.287598944591031,8.709996700758825,49.242424242424335,0.496212121212122,209159.82864,1052680.1474199998,108.95054553269505,130.309712040562,3.314550878355993,2872,41.17562724014337,0.5960815180939422,4.5844327176781,1.912928759894461,4.5844327176781,1.912928759894461,4.5844327176781,1.912928759894461,5.771767810026396,1.715039577836408,FAILED_OR_PARTIAL
NAORISUSDT,2026-06-21T21:35:00+00:00,0.03052,8.027522935779817,12.87878787878789,62.659846547314594,0.6675191815856771,337303.68368,1642064.03368,157.6041506134696,68.23124044088922,8.88962326503635,4809,32.42022471910112,0.6707867593128681,37.61467889908259,8.027522935779817,37.61467889908259,8.027522935779817,37.61467889908259,8.027522935779817,37.94233289646134,8.027522935779817,REAL_CONTINUATION
OGNUSDT,2026-07-04T11:00:00+00:00,0.01671,9.9940155595452,10.419161676646716,95.97701149425284,0.9655172413793098,646271.78517,1856667.193489999,437.9513458589138,17.004459535179137,8.135810377962827,11435,18.24491424012764,0.5274984393761291,20.58647516457213,8.677438659485336,20.58647516457213,8.677438659485336,37.64213046080192,8.677438659485336,37.64213046080192,8.677438659485336,REAL_CONTINUATION
ONUSDT,2025-12-03T17:05:00+00:00,0.1033,5.353339787028077,6.684154279607513,80.37790697674396,0.8575581395348827,144028.48393,1688175.32631,48.76766703095005,12.478893057631058,6.502089610263395,3195,13.139136394790953,0.5511422811933504,9.080348499515978,3.272023233301069,9.080348499515978,3.272023233301069,9.080348499515978,2.5556631171345545,9.080348499515978,2.5556631171345545,FAILED_OR_PARTIAL
ONUSDT,2026-05-01T07:00:00+00:00,0.11177,6.701261519191215,7.36794986571172,91.00850546780084,0.9185905224787376,226012.69366,1555836.26419,87.24395351186011,81.60632913683979,4.707482993197276,3606,24.86896551724137,0.6029157661604236,10.467925203542984,3.739822850496566,23.602039903373,3.739822850496566,24.487787420595875,3.739822850496566,28.433389997315928,3.739822850496566,REAL_CONTINUATION
ONGUSDT,2026-01-27T00:00:00+00:00,0.08125,12.29538461538462,13.113742906489012,93.97930385700846,0.9576669802445916,1225180.66954,1876082.13896,1050.6122286307025,1524.2376325205396,2.4533733884090747,19871,469.3937007874016,0.519587212438644,24.30769230769232,8.984615384615392,24.30769230769232,8.984615384615392,24.30769230769232,8.984615384615392,24.30769230769232,8.984615384615392,REAL_CONTINUATION
ONGUSDT,2026-03-11T04:15:00+00:00,0.06251,5.759078547432428,6.2910196894509385,91.6030534351146,0.9262086513994916,372389.54852,1460841.73825,311.4481066286067,7.111855992990806,6.131436314363126,6562,6.5369417233936575,0.4807794155382543,7.182850743880986,3.647416413373872,7.48680211166215,2.159654455287164,7.48680211166215,2.159654455287164,7.48680211166215,-0.991841305391128,FAILED_OR_PARTIAL
